accB	accB
accB	accC
acrR	acrA
acrR	acrB
acrR	acrR
acrR	flhC
acrR	flhD
acrR	marA
acrR	marB
acrR	marR
acrR	micF
acrR	soxR
acrR	soxS
ada	ada
ada	aidB
ada	alkA
ada	alkB
adiY	adiA
adiY	gadA
adiY	gadB
adiY	gadC
adiY	gadX
adiY	gltB
adiY	gltD
adiY	gltF
agaR	agaA
agaR	agaB
agaR	agaC
agaR	agaD
agaR	agaI
agaR	agaR
agaR	agaS
agaR	agaV
agaR	agaW
agaR	kbaY
agaR	kbaZ
aidB	aidB
alaS	alaS
allR	allA
allR	allB
allR	allS
allR	gcl
allR	glxK
allR	glxR
allR	hyi
allR	ybbW
allR	ybbY
allS	allC
allS	allD
allS	allE
alsR	alsA
alsR	alsB
alsR	alsC
alsR	alsE
alsR	alsR
alsR	rpiB
appY	appA
appY	appB
appY	appC
appY	appX
appY	hyaA
appY	hyaB
appY	hyaC
appY	hyaD
appY	hyaE
appY	hyaF
araC	araA
araC	araB
araC	araC
araC	araD
araC	araE
araC	araF
araC	araG
araC	araH
araC	araJ
araC	xylA
araC	xylB
araC	ydeM
araC	ydeN
araC	ygeA
arcA	aceA
arcA	aceB
arcA	aceE
arcA	aceF
arcA	aceK
arcA	ackA
arcA	acnA
arcA	acnB
arcA	aldA
arcA	appA
arcA	appB
arcA	appC
arcA	appX
arcA	appY
arcA	arcZ
arcA	betA
arcA	betB
arcA	betI
arcA	betT
arcA	cadA
arcA	cadB
arcA	caiA
arcA	caiB
arcA	caiC
arcA	caiD
arcA	caiE
arcA	caiT
arcA	citC
arcA	citD
arcA	citE
arcA	citF
arcA	citG
arcA	citX
arcA	cydA
arcA	cydB
arcA	cydC
arcA	cydD
arcA	cyoA
arcA	cyoB
arcA	cyoC
arcA	cyoD
arcA	cyoE
arcA	dctA
arcA	dcuC
arcA	dpiA
arcA	dpiB
arcA	fadA
arcA	fadB
arcA	fadD
arcA	fadE
arcA	fadH
arcA	fadI
arcA	fadJ
arcA	fadL
arcA	fnr
arcA	focA
arcA	fumA
arcA	fumB
arcA	fumC
arcA	gadA
arcA	gadE
arcA	gadF
arcA	gadX
arcA	gatA
arcA	gatB
arcA	gatC
arcA	gatD
arcA	gatY
arcA	gatZ
arcA	glcA
arcA	glcB
arcA	glcD
arcA	glcE
arcA	glcF
arcA	glcG
arcA	glpA
arcA	glpB
arcA	glpC
arcA	glpD
arcA	gltA
arcA	grcA
arcA	hemA
arcA	hyaA
arcA	hyaB
arcA	hyaC
arcA	hyaD
arcA	hyaE
arcA	hyaF
arcA	hybA
arcA	hybB
arcA	hybC
arcA	hybD
arcA	hybE
arcA	hybF
arcA	hybG
arcA	hybO
arcA	icd
arcA	iraM
arcA	lldD
arcA	lldP
arcA	lldR
arcA	lpd
arcA	mdh
arcA	moeA
arcA	moeB
arcA	ndh
arcA	nuoA
arcA	nuoB
arcA	nuoC
arcA	nuoE
arcA	nuoF
arcA	nuoG
arcA	nuoH
arcA	nuoI
arcA	nuoJ
arcA	nuoK
arcA	nuoL
arcA	nuoM
arcA	nuoN
arcA	ompW
arcA	oppA
arcA	oppB
arcA	oppC
arcA	oppD
arcA	oppF
arcA	pflB
arcA	prfA
arcA	prmC
arcA	ptsG
arcA	puuA
arcA	puuB
arcA	puuC
arcA	puuD
arcA	puuE
arcA	puuP
arcA	puuR
arcA	rhaT
arcA	rmf
arcA	rplB
arcA	rplC
arcA	rplD
arcA	rplP
arcA	rplV
arcA	rplW
arcA	rpmC
arcA	rpoS
arcA	rpsC
arcA	rpsJ
arcA	rpsQ
arcA	rpsS
arcA	rsd
arcA	rutA
arcA	rutB
arcA	rutC
arcA	rutD
arcA	rutE
arcA	rutF
arcA	rutG
arcA	sdhA
arcA	sdhB
arcA	sdhC
arcA	sdhD
arcA	sdhX
arcA	sodA
arcA	sroD
arcA	ssb
arcA	sucA
arcA	sucB
arcA	sucC
arcA	sucD
arcA	tpx
arcA	treB
arcA	treC
arcA	ubiA
arcA	ubiC
arcA	uvrA
arcA	xylR
arcA	ybdN
arcA	ydeA
arcA	ymjE
argP	argO
argP	argP
argP	dapB
argP	dapD
argP	dnaA
argP	dnaN
argP	gdhA
argP	lysA
argP	lysC
argP	lysP
argP	nrdA
argP	nrdB
argP	recF
argP	yfaE
argR	argA
argR	argB
argR	argC
argR	argD
argR	argE
argR	argF
argR	argG
argR	argH
argR	argI
argR	argR
argR	artI
argR	artJ
argR	artM
argR	artP
argR	artQ
argR	astA
argR	astB
argR	astC
argR	astD
argR	astE
argR	carA
argR	carB
argR	gltB
argR	gltD
argR	gltF
argR	hisJ
argR	hisM
argR	hisP
argR	hisQ
argR	infB
argR	lysO
argR	metY
argR	nusA
argR	pnp
argR	rbfA
argR	rimP
argR	rpsO
argR	truB
arsR	arsB
arsR	arsC
arsR	arsR
ascG	ascB
ascG	ascF
ascG	htpG
ascG	prpR
ascG	ybiT
asnC	asnA
asnC	asnC
asnC	mioC
asnC	mnmG
atoC	atoA
atoC	atoB
atoC	atoD
atoC	atoE
baeR	acrD
baeR	baeR
baeR	baeS
baeR	mdtA
baeR	mdtB
baeR	mdtC
baeR	mdtD
baeR	spy
basR	csgD
basR	csgE
basR	csgF
basR	csgG
basR	cspI
basR	dgkA
basR	fimB
basR	hha
basR	putA
basR	qseB
basR	qseC
basR	tomB
basR	yrbL
betI	betA
betI	betB
betI	betI
betI	betT
birA	bioA
birA	bioB
birA	bioC
birA	bioD
birA	bioF
bluR	ariR
bluR	ycgZ
bluR	ymgA
bluR	ymgC
bolA	ampC
bolA	dacC
bolA	mreB
bolA	mreC
bolA	mreD
btsR	btsT
crp	aaeA
crp	aaeB
crp	aaeR
crp	aaeX
crp	aceA
crp	aceB
crp	aceE
crp	aceF
crp	aceK
crp	acnA
crp	acnB
crp	acs
crp	actP
crp	aer
crp	agaA
crp	agaV
crp	agaW
crp	agp
crp	aldA
crp	aldB
crp	ampD
crp	ampE
crp	ansB
crp	araA
crp	araB
crp	araC
crp	araD
crp	araE
crp	araF
crp	araG
crp	araH
crp	araJ
crp	arfB
crp	argG
crp	aroA
crp	ascB
crp	ascF
crp	aspA
crp	azuC
crp	bglB
crp	bglF
crp	bglG
crp	bhsA
crp	btsT
crp	caiA
crp	caiB
crp	caiC
crp	caiD
crp	caiE
crp	caiF
crp	caiT
crp	cas1
crp	cas2
crp	casA
crp	casB
crp	casC
crp	casD
crp	casE
crp	cdd
crp	chbA
crp	chbB
crp	chbC
crp	chbF
crp	chbG
crp	chbR
crp	chiP
crp	chiQ
crp	cirA
crp	citC
crp	citD
crp	citE
crp	citF
crp	citG
crp	citX
crp	comR
crp	cpdB
crp	crp
crp	crr
crp	csgD
crp	csgE
crp	csgF
crp	csgG
crp	csiE
crp	cspD
crp	cspE
crp	csqR
crp	csrC
crp	cstA
crp	cyaA
crp	cyaR
crp	cyoA
crp	cyoB
crp	cyoC
crp	cyoD
crp	cyoE
crp	cysG
crp	cytR
crp	dadA
crp	dadX
crp	dctA
crp	dcuA
crp	dcuB
crp	dcuR
crp	deoA
crp	deoB
crp	deoC
crp	deoD
crp	dgoA
crp	dgoD
crp	dgoK
crp	dgoR
crp	dgoT
crp	dksA
crp	dpiA
crp	dpiB
crp	dsdA
crp	dsdX
crp	dusB
crp	ebgA
crp	ebgC
crp	entA
crp	entB
crp	entC
crp	entD
crp	entE
crp	entH
crp	envZ
crp	epd
crp	exuR
crp	exuT
crp	fadD
crp	fadH
crp	fadL
crp	fbaA
crp	feaB
crp	feaR
crp	fecA
crp	fecB
crp	fecC
crp	fecD
crp	fecE
crp	fepA
crp	fis
crp	fiu
crp	fixA
crp	fixB
crp	fixC
crp	fixX
crp	flhC
crp	flhD
crp	focA
crp	focB
crp	fucA
crp	fucI
crp	fucK
crp	fucO
crp	fucP
crp	fucR
crp	fucU
crp	fumA
crp	fumB
crp	fumC
crp	fur
crp	gabD
crp	gabP
crp	gabT
crp	gadA
crp	gadB
crp	gadC
crp	gadE
crp	gadF
crp	gadX
crp	galE
crp	galK
crp	galM
crp	galP
crp	galS
crp	galT
crp	gapA
crp	gatA
crp	gatB
crp	gatC
crp	gatD
crp	gatY
crp	gatZ
crp	gcd
crp	gcvH
crp	gcvP
crp	gcvT
crp	gdhA
crp	glaH
crp	glcC
crp	glgA
crp	glgC
crp	glgP
crp	glgS
crp	glnA
crp	glnG
crp	glnL
crp	glpA
crp	glpB
crp	glpC
crp	glpD
crp	glpE
crp	glpF
crp	glpG
crp	glpK
crp	glpQ
crp	glpR
crp	glpT
crp	glpX
crp	gltA
crp	gltB
crp	gltD
crp	gltF
crp	gntK
crp	gntP
crp	gntT
crp	gntU
crp	gpsA
crp	grcA
crp	grpE
crp	guaA
crp	guaB
crp	gutM
crp	gutQ
crp	gyrA
crp	hflC
crp	hflK
crp	hflX
crp	hfq
crp	hicA
crp	hicB
crp	hlyE
crp	hofB
crp	hofC
crp	hofM
crp	hofN
crp	hofO
crp	hofP
crp	hpt
crp	hupA
crp	hupB
crp	hyfA
crp	hyfB
crp	hyfC
crp	hyfD
crp	hyfE
crp	hyfF
crp	hyfG
crp	hyfH
crp	hyfI
crp	hyfJ
crp	hyfR
crp	idnD
crp	idnK
crp	idnO
crp	idnR
crp	idnT
crp	ilvB
crp	ilvN
crp	infB
crp	ivbL
crp	kbaZ
crp	lacA
crp	lacI
crp	lacY
crp	lacZ
crp	lamB
crp	ldtB
crp	lgoR
crp	lhgD
crp	lpd
crp	lsrA
crp	lsrB
crp	lsrC
crp	lsrD
crp	lsrF
crp	lsrG
crp	lsrK
crp	lsrR
crp	lyxK
crp	malE
crp	malF
crp	malG
crp	malI
crp	malK
crp	malM
crp	malS
crp	malT
crp	malX
crp	malY
crp	manA
crp	manX
crp	manY
crp	manZ
crp	marA
crp	marB
crp	marR
crp	mazE
crp	mazF
crp	mcaS
crp	mdh
crp	mdtE
crp	mdtF
crp	melA
crp	melB
crp	melR
crp	metK
crp	metY
crp	mglA
crp	mglB
crp	mglC
crp	mhpA
crp	mhpB
crp	mhpC
crp	mhpD
crp	mhpE
crp	mhpF
crp	mhpR
crp	mlc
crp	modA
crp	modB
crp	modC
crp	mpl
crp	mtlA
crp	mtlD
crp	mtlR
crp	murP
crp	murQ
crp	nadC
crp	nagA
crp	nagB
crp	nagC
crp	nagE
crp	nanA
crp	nanC
crp	nanE
crp	nanK
crp	nanM
crp	nanS
crp	nanT
crp	narQ
crp	nfuA
crp	nirB
crp	nirC
crp	nirD
crp	nlpE
crp	nmpC
crp	nrdA
crp	nrdB
crp	nupC
crp	nupG
crp	nusA
crp	ompA
crp	ompF
crp	ompR
crp	ompW
crp	osmY
crp	oxyR
crp	paaA
crp	paaB
crp	paaC
crp	paaD
crp	paaE
crp	paaF
crp	paaG
crp	paaH
crp	paaI
crp	paaJ
crp	paaK
crp	paaZ
crp	patZ
crp	pck
crp	pdhR
crp	pflB
crp	pgk
crp	pncB
crp	pnp
crp	ppdD
crp	ppiA
crp	preA
crp	preT
crp	priB
crp	proP
crp	prpB
crp	prpC
crp	prpD
crp	prpE
crp	prpR
crp	psiE
crp	ptsG
crp	ptsH
crp	ptsI
crp	putP
crp	puuB
crp	puuC
crp	puuD
crp	puuE
crp	puuR
crp	raiA
crp	rbfA
crp	rbsA
crp	rbsB
crp	rbsC
crp	rbsD
crp	rbsK
crp	rbsR
crp	relA
crp	rhaA
crp	rhaB
crp	rhaD
crp	rhaR
crp	rhaS
crp	rhaT
crp	rimP
crp	rmf
crp	rof
crp	rplI
crp	rplM
crp	rpoE
crp	rpoH
crp	rpoS
crp	rpsF
crp	rpsI
crp	rpsO
crp	rpsR
crp	rseA
crp	rseB
crp	rseC
crp	rseD
crp	sbmC
crp	sdhA
crp	sdhB
crp	sdhC
crp	sdhD
crp	sdhX
crp	secB
crp	serA
crp	serC
crp	sfsA
crp	sgbE
crp	sgbH
crp	sgbU
crp	sodA
crp	sodB
crp	sohB
crp	speC
crp	spf
crp	srlA
crp	srlB
crp	srlD
crp	srlE
crp	srlR
crp	sroD
crp	sucA
crp	sucB
crp	sucC
crp	sucD
crp	tam
crp	tdcA
crp	tdcB
crp	tdcC
crp	tdcD
crp	tdcE
crp	tdcF
crp	tdcG
crp	tnaA
crp	tnaB
crp	tnaC
crp	treB
crp	treC
crp	trg
crp	truB
crp	trxA
crp	tsx
crp	ubiG
crp	udp
crp	ugpA
crp	ugpB
crp	ugpC
crp	ugpE
crp	ugpQ
crp	uhpT
crp	uidA
crp	uidB
crp	uidC
crp	ulaA
crp	ulaB
crp	ulaC
crp	ulaD
crp	ulaE
crp	ulaF
crp	umpH
crp	uxaA
crp	uxaB
crp	uxaC
crp	uxuA
crp	uxuB
crp	uxuR
crp	xseA
crp	xylA
crp	xylB
crp	xylE
crp	xylF
crp	xylG
crp	xylH
crp	xylR
crp	yaeP
crp	yaeQ
crp	ybiT
crp	ycdZ
crp	ychH
crp	yeiP
crp	yeiW
crp	yfaE
crp	ygeA
crp	yhcH
crp	yhfA
crp	yhgH
crp	yiaJ
crp	yiaK
crp	yiaL
crp	yiaM
crp	yiaN
crp	yiaO
crp	yjcH
crp	ykgR
crp	ynfK
crp	zraR
crp	zraS
crp	sxy
sxy	sxy
cadC	cadA
cadC	cadB
cadC	cadC
caiF	caiA
caiF	caiB
caiF	caiC
caiF	caiD
caiF	caiE
caiF	caiT
caiF	fixA
caiF	fixB
caiF	fixC
caiF	fixX
cbl	ssuA
cbl	ssuB
cbl	ssuC
cbl	ssuD
cbl	ssuE
cbl	tauA
cbl	tauB
cbl	tauC
cbl	tauD
cdaR	cdaR
cdaR	garD
cdaR	garK
cdaR	garL
cdaR	garP
cdaR	garR
cdaR	gudD
cdaR	gudP
cdaR	gudX
cdaR	rnpB
cecR	cecR
cecR	ybhF
cecR	ybhG
cecR	ybhR
cecR	ybhS
chbR	chbA
chbR	chbB
chbR	chbC
chbR	chbF
chbR	chbG
chbR	chbR
comR	bhsA
cpxR	acrD
cpxR	aroG
cpxR	bacA
cpxR	baeR
cpxR	baeS
cpxR	bamE
cpxR	cheA
cpxR	cheW
cpxR	cpxA
cpxR	cpxP
cpxR	cpxQ
cpxR	cpxR
cpxR	csgA
cpxR	csgB
cpxR	csgC
cpxR	csgD
cpxR	csgE
cpxR	csgF
cpxR	csgG
cpxR	cyaR
cpxR	degP
cpxR	dgcZ
cpxR	dsbA
cpxR	dsbC
cpxR	efeU
cpxR	fabZ
cpxR	ftnB
cpxR	hha
cpxR	kbp
cpxR	ldtC
cpxR	ldtD
cpxR	lpxA
cpxR	lpxD
cpxR	marA
cpxR	marB
cpxR	marR
cpxR	mdtA
cpxR	mdtB
cpxR	mdtC
cpxR	mdtD
cpxR	motA
cpxR	motB
cpxR	mscM
cpxR	mzrA
cpxR	ompC
cpxR	ompF
cpxR	ppiA
cpxR	ppiD
cpxR	psd
cpxR	rpoE
cpxR	rpoH
cpxR	rprA
cpxR	rseA
cpxR	rseB
cpxR	rseC
cpxR	rseD
cpxR	sbmA
cpxR	skp
cpxR	slt
cpxR	spy
cpxR	srkA
cpxR	tomB
cpxR	tsr
cpxR	ung
cpxR	yaiW
cpxR	yccA
cpxR	yebE
cpxR	yidQ
cpxR	yqaE
cpxR	yqjA
cra	aceA
cra	aceB
cra	aceE
cra	aceF
cra	aceK
cra	acnA
cra	acnB
cra	adhE
cra	aroP
cra	betA
cra	betB
cra	betI
cra	betT
cra	crp
cra	crr
cra	csgD
cra	csgE
cra	csgF
cra	csgG
cra	cydA
cra	cydB
cra	cyoA
cra	cyoB
cra	cyoC
cra	cyoD
cra	cyoE
cra	cysG
cra	eda
cra	edd
cra	eno
cra	envC
cra	epd
cra	fbaA
cra	fbaB
cra	fruA
cra	fruB
cra	fruK
cra	gapA
cra	glcC
cra	glk
cra	gpmM
cra	hypF
cra	icd
cra	lpd
cra	manX
cra	manY
cra	manZ
cra	marA
cra	marB
cra	marR
cra	mpl
cra	mtlA
cra	mtlD
cra	mtlR
cra	nirB
cra	nirC
cra	nirD
cra	pck
cra	pdeL
cra	pdhR
cra	pfkA
cra	pgk
cra	poxB
cra	ppc
cra	ppsA
cra	prpB
cra	prpC
cra	prpD
cra	prpE
cra	ptsH
cra	ptsI
cra	pykF
cra	setA
cra	sgrS
cra	sgrT
cra	tpiA
cra	yeaD
cra	yibQ
cra	zwf
creB	creD
creB	malE
creB	malF
creB	malG
creB	talA
csgD	csgA
csgD	csgB
csgD	csgC
csgD	csgD
csgD	csgE
csgD	csgF
csgD	csgG
csgD	dgcC
csgD	flgM
csgD	flgN
csgD	fliA
csgD	fliE
csgD	fliF
csgD	fliG
csgD	fliH
csgD	fliI
csgD	fliJ
csgD	fliK
csgD	fliZ
csgD	iraP
csgD	nlpA
csgD	pepD
csgD	tcyJ
csgD	ubiT
csgD	wrbA
csgD	yccJ
csgD	yccT
csgD	yhbS
cspA	gyrA
cspA	hns
csqR	csqR
csqR	yihS
csqR	yihT
csqR	yihU
csqR	yihV
cueR	copA
cueR	cueO
cueR	moaA
cueR	moaB
cueR	moaC
cueR	moaD
cueR	moaE
cusR	cusA
cusR	cusB
cusR	cusC
cusR	cusF
cusR	cusR
cusR	cusS
cusR	cyoA
cusR	cyoB
cusR	cyoC
cusR	cyoD
cusR	cyoE
cusR	hiuH
cynR	cynR
cynR	cynS
cynR	cynT
cynR	cynX
cysB	cbl
cysB	cysA
cysB	cysB
cysB	cysC
cysB	cysD
cysB	cysH
cysB	cysI
cysB	cysJ
cysB	cysK
cysB	cysM
cysB	cysN
cysB	cysP
cysB	cysU
cysB	cysW
cysB	dgcZ
cysB	hslJ
cysB	ssuA
cysB	ssuB
cysB	ssuC
cysB	ssuD
cysB	ssuE
cysB	tauA
cysB	tauB
cysB	tauC
cysB	tauD
cysB	tcyJ
cysB	tcyP
cysB	ybdN
cysB	yciW
cysB	ygeH
cysB	yoaC
cytR	cdd
cytR	cytR
cytR	deoA
cytR	deoB
cytR	deoC
cytR	deoD
cytR	nupC
cytR	nupG
cytR	ppiA
cytR	rpoH
cytR	tsx
cytR	udp
cytR	ycdZ
dan	ttdA
dan	ttdB
dan	ttdR
dan	ttdT
dcuR	dctA
dcuR	dcuB
dcuR	dpiA
dcuR	dpiB
dcuR	frdA
dcuR	frdB
dcuR	frdC
dcuR	frdD
dcuR	fumB
deoR	deoA
deoR	deoB
deoR	deoC
deoR	deoD
deoR	nupG
deoR	tsx
dgoR	dgoA
dgoR	dgoD
dgoR	dgoK
dgoR	dgoR
dgoR	dgoT
dhaR	dhaK
dhaR	dhaL
dhaR	dhaM
dhaR	dhaR
dicA	dicB
dicA	dicC
dicA	insD-7
dicA	intQ
dicA	ydfD
dicA	ydfE
dicA	ydfW
dicA	ydfX
dinJ	cspE
yafQ	cspE
dinJ	dinJ
yafQ	dinJ
dinJ	yafQ
yafQ	yafQ
dnaA	aldA
dnaA	dnaA
dnaA	dnaN
dnaA	guaA
dnaA	guaB
dnaA	nrdA
dnaA	nrdB
dnaA	polA
dnaA	recF
dnaA	recN
dnaA	rpoH
dnaA	uvrB
dnaA	yfaE
dnaA	yjeV
dpiA	appY
dpiA	citC
dpiA	citD
dpiA	citE
dpiA	citF
dpiA	citG
dpiA	citX
dpiA	dpiA
dpiA	dpiB
dpiA	exuT
dpiA	mdh
dsdC	dsdA
dsdC	dsdC
dsdC	dsdX
ebgR	ebgA
ebgR	ebgC
envR	acrA
envR	acrB
envY	ompC
envY	ompF
evgA	acrD
evgA	emrK
evgA	emrY
evgA	evgA
evgA	evgS
evgA	frc
evgA	gadE
evgA	gadF
evgA	mdtE
evgA	mdtF
evgA	oxc
evgA	safA
evgA	ydeO
evgA	ydeP
evgA	yegR
evgA	yegZ
evgA	yfdE
evgA	yfdV
evgA	yfdX
exuR	exuR
exuR	exuT
exuR	lgoR
exuR	uxaA
exuR	uxaB
exuR	uxaC
exuR	uxuA
exuR	uxuB
exuR	uxuR
fnr	aceE
fnr	aceF
fnr	ackA
fnr	acnA
fnr	acrE
fnr	acrF
fnr	adhE
fnr	aer
fnr	aldA
fnr	amtB
fnr	ansB
fnr	arcA
fnr	aspA
fnr	aspC
fnr	bcsB
fnr	bcsZ
fnr	cadC
fnr	caiA
fnr	caiB
fnr	caiC
fnr	caiD
fnr	caiE
fnr	caiF
fnr	caiT
fnr	ccmA
fnr	ccmB
fnr	ccmC
fnr	ccmD
fnr	ccmE
fnr	ccmF
fnr	ccmG
fnr	ccmH
fnr	ccp
fnr	cheB
fnr	cheR
fnr	cheY
fnr	cheZ
fnr	citC
fnr	citD
fnr	citE
fnr	citF
fnr	citG
fnr	citX
fnr	cydA
fnr	cydB
fnr	cydC
fnr	cydD
fnr	cyoA
fnr	cyoB
fnr	cyoC
fnr	cyoD
fnr	cyoE
fnr	cysG
fnr	dcuA
fnr	dcuB
fnr	dcuC
fnr	dcuR
fnr	dcuS
fnr	dmsA
fnr	dmsB
fnr	dmsC
fnr	dmsD
fnr	dpiA
fnr	dpiB
fnr	dppA
fnr	dppB
fnr	dppC
fnr	dppD
fnr	dppF
fnr	emrK
fnr	emrY
fnr	entF
fnr	fdhF
fnr	fdnG
fnr	fdnH
fnr	fdnI
fnr	feoA
fnr	feoB
fnr	feoC
fnr	fepE
fnr	fes
fnr	fhlA
fnr	fixA
fnr	fixB
fnr	fixC
fnr	fixX
fnr	fnr
fnr	fnrS
fnr	focA
fnr	focB
fnr	frdA
fnr	frdB
fnr	frdC
fnr	frdD
fnr	fumA
fnr	fumB
fnr	fumC
fnr	gadA
fnr	gadW
fnr	gadX
fnr	garK
fnr	garL
fnr	garP
fnr	garR
fnr	gcvH
fnr	gcvP
fnr	gcvT
fnr	gdhA
fnr	glnD
fnr	glnK
fnr	glpA
fnr	glpB
fnr	glpC
fnr	glpQ
fnr	glpT
fnr	gltB
fnr	gltD
fnr	gltF
fnr	gnd
fnr	grcA
fnr	hcp
fnr	hcr
fnr	hemA
fnr	hlyE
fnr	hmp
fnr	hyfA
fnr	hyfB
fnr	hyfC
fnr	hyfD
fnr	hyfE
fnr	hyfF
fnr	hyfG
fnr	hyfH
fnr	hyfI
fnr	hyfJ
fnr	hyfR
fnr	hypB
fnr	hypC
fnr	hypD
fnr	hypE
fnr	idlP
fnr	iraD
fnr	iraM
fnr	katG
fnr	lpd
fnr	malP
fnr	malQ
fnr	moaA
fnr	moaB
fnr	moaC
fnr	moaD
fnr	moaE
fnr	moeA
fnr	moeB
fnr	nac
fnr	napA
fnr	napB
fnr	napC
fnr	napD
fnr	napF
fnr	napG
fnr	napH
fnr	narG
fnr	narH
fnr	narI
fnr	narJ
fnr	narK
fnr	narL
fnr	narX
fnr	ndh
fnr	nfeR
fnr	nikA
fnr	nikB
fnr	nikC
fnr	nikD
fnr	nikE
fnr	nikR
fnr	nirB
fnr	nirC
fnr	nirD
fnr	norV
fnr	norW
fnr	nrdD
fnr	nrdG
fnr	nrfA
fnr	nrfB
fnr	nrfC
fnr	nrfD
fnr	nrfE
fnr	nrfF
fnr	nrfG
fnr	nuoA
fnr	nuoB
fnr	nuoC
fnr	nuoE
fnr	nuoF
fnr	nuoG
fnr	nuoH
fnr	nuoI
fnr	nuoJ
fnr	nuoK
fnr	nuoL
fnr	nuoM
fnr	nuoN
fnr	ompW
fnr	ompX
fnr	pdeF
fnr	pdhR
fnr	pepT
fnr	pflB
fnr	pheM
fnr	phoU
fnr	pitA
fnr	poxB
fnr	prfA
fnr	prmC
fnr	pstA
fnr	pstB
fnr	pstC
fnr	pstS
fnr	purM
fnr	purN
fnr	puuA
fnr	puuP
fnr	ravA
fnr	rimM
fnr	rnpB
fnr	rplB
fnr	rplC
fnr	rplD
fnr	rplM
fnr	rplP
fnr	rplS
fnr	rplT
fnr	rplV
fnr	rplW
fnr	rpmC
fnr	rpsC
fnr	rpsI
fnr	rpsJ
fnr	rpsP
fnr	rpsQ
fnr	rpsS
fnr	sdhA
fnr	sdhB
fnr	sdhC
fnr	sdhD
fnr	sdhX
fnr	sodA
fnr	soxR
fnr	soxS
fnr	ssuA
fnr	ssuB
fnr	ssuC
fnr	ssuD
fnr	ssuE
fnr	sucA
fnr	sucB
fnr	sucC
fnr	sucD
fnr	tap
fnr	tar
fnr	tdcA
fnr	tdcB
fnr	tdcC
fnr	tdcD
fnr	tdcE
fnr	tdcF
fnr	tdcG
fnr	tpx
fnr	trmD
fnr	ubiA
fnr	ubiC
fnr	upp
fnr	uraA
fnr	uxaA
fnr	uxaC
fnr	viaA
fnr	xdhA
fnr	xdhB
fnr	xdhC
fnr	ybdN
fnr	ybdZ
fnr	ychO
fnr	ydeJ
fnr	ydhT
fnr	ydhU
fnr	ydhV
fnr	ydhW
fnr	ydhX
fnr	ydhY
fnr	yecR
fnr	yeiL
fnr	ygbA
fnr	ymjE
fnr	ynfE
fnr	ynfF
fnr	ynfG
fnr	ynfH
fnr	ysgA
fnr	ytfE
fnr	zwf
fabR	fabA
fabR	fabB
fadR	accA
fadR	accB
fadR	accC
fadR	accD
fadR	fabA
fadR	fabB
fadR	fabD
fadR	fabG
fadR	fabH
fadR	fabI
fadR	fadA
fadR	fadB
fadR	fadD
fadR	fadE
fadR	fadH
fadR	fadI
fadR	fadJ
fadR	fadL
fadR	fadM
fadR	fadR
fadR	iclR
fadR	sroD
fadR	uspA
feaR	feaB
feaR	tynA
fhlA	fdhF
fhlA	fhlA
fhlA	focB
fhlA	hycA
fhlA	hycB
fhlA	hycC
fhlA	hycD
fhlA	hycE
fhlA	hycF
fhlA	hycG
fhlA	hycH
fhlA	hycI
fhlA	hydN
fhlA	hyfA
fhlA	hyfB
fhlA	hyfC
fhlA	hyfD
fhlA	hyfE
fhlA	hyfF
fhlA	hyfG
fhlA	hyfH
fhlA	hyfI
fhlA	hyfJ
fhlA	hyfR
fhlA	hypA
fhlA	hypB
fhlA	hypC
fhlA	hypD
fhlA	hypE
fhlA	hypF
fis	acnB
fis	acs
fis	actP
fis	adhE
fis	alaT
fis	alaU
fis	alaV
fis	alaW
fis	alaX
fis	aldB
fis	ansB
fis	apaG
fis	apaH
fis	argU
fis	argW
fis	argX
fis	aspV
fis	bglB
fis	bglF
fis	bglG
fis	carA
fis	carB
fis	cbpA
fis	cbpM
fis	crp
fis	cspA
fis	cspI
fis	cyoA
fis	cyoB
fis	cyoC
fis	cyoD
fis	cyoE
fis	cysG
fis	deoA
fis	deoB
fis	deoC
fis	deoD
fis	dmsA
fis	dmsB
fis	dmsC
fis	dps
fis	dusB
fis	fadA
fis	fadB
fis	fau
fis	fis
fis	flxA
fis	fumB
fis	gadA
fis	gadB
fis	gadC
fis	gadX
fis	glcC
fis	glnA
fis	glnG
fis	glnL
fis	glnQ
fis	glnU
fis	glnV
fis	glnW
fis	glnX
fis	glpA
fis	glpB
fis	glpC
fis	glpQ
fis	glpT
fis	gltT
fis	gltU
fis	gltV
fis	gltW
fis	gltX
fis	glyT
fis	glyU
fis	grcA
fis	guaA
fis	guaB
fis	gyrA
fis	gyrB
fis	hisR
fis	hlyE
fis	hns
fis	hupA
fis	hupB
fis	hyaA
fis	hyaB
fis	hyaC
fis	hyaD
fis	hyaE
fis	hyaF
fis	ileT
fis	ileU
fis	ileV
fis	infB
fis	katE
fis	leuP
fis	leuQ
fis	leuT
fis	leuV
fis	leuW
fis	leuX
fis	lpd
fis	lysT
fis	lysV
fis	lysW
fis	malE
fis	malF
fis	malG
fis	marA
fis	marB
fis	marR
fis	mazE
fis	mazF
fis	mazG
fis	metT
fis	metU
fis	metY
fis	mglA
fis	mglC
fis	msrA
fis	mtlA
fis	mtlD
fis	mtlR
fis	nanA
fis	nanE
fis	nanK
fis	nanT
fis	narG
fis	narH
fis	narI
fis	narJ
fis	narK
fis	ndh
fis	nirB
fis	nirC
fis	nirD
fis	nrdA
fis	nrdB
fis	nrfA
fis	nrfB
fis	nrfC
fis	nrfD
fis	nrfE
fis	nrfF
fis	nrfG
fis	nuoA
fis	nuoB
fis	nuoC
fis	nuoE
fis	nuoF
fis	nuoG
fis	nuoH
fis	nuoI
fis	nuoJ
fis	nuoK
fis	nuoL
fis	nuoM
fis	nuoN
fis	nusA
fis	ogt
fis	osmE
fis	osmY
fis	patA
fis	pdxA
fis	pflB
fis	pheU
fis	pheV
fis	pnp
fis	proK
fis	proL
fis	proM
fis	proP
fis	ptsG
fis	pyrD
fis	queA
fis	rbfA
fis	rimP
fis	rnpB
fis	rplM
fis	rpsI
fis	rpsO
fis	rrfA
fis	rrfB
fis	rrfC
fis	rrfD
fis	rrfE
fis	rrfF
fis	rrfG
fis	rrfH
fis	rrlA
fis	rrlB
fis	rrlC
fis	rrlD
fis	rrlE
fis	rrlG
fis	rrlH
fis	rrsA
fis	rrsB
fis	rrsC
fis	rrsD
fis	rrsE
fis	rrsG
fis	rrsH
fis	rsmA
fis	serT
fis	serX
fis	sra
fis	ssrS
fis	thrT
fis	thrU
fis	thrV
fis	thrW
fis	topA
fis	tpr
fis	trg
fis	trmA
fis	truB
fis	tufB
fis	tyrT
fis	tyrU
fis	tyrV
fis	valT
fis	valU
fis	valX
fis	valY
fis	xylF
fis	xylG
fis	xylH
fis	xylR
fis	yeaR
fis	yfaE
fis	yhcH
fis	yjcH
fis	yoaG
flhD	ccmA
flhC	ccmA
flhD	ccmB
flhC	ccmB
flhD	ccmC
flhC	ccmC
flhD	ccmD
flhC	ccmD
flhD	ccmE
flhC	ccmE
flhD	ccmF
flhC	ccmF
flhD	ccmG
flhC	ccmG
flhD	ccmH
flhC	ccmH
flhD	flgA
flhC	flgA
flhD	flgB
flhC	flgB
flhD	flgC
flhC	flgC
flhD	flgD
flhC	flgD
flhD	flgE
flhC	flgE
flhD	flgF
flhC	flgF
flhD	flgG
flhC	flgG
flhD	flgH
flhC	flgH
flhD	flgI
flhC	flgI
flhD	flgJ
flhC	flgJ
flhD	flgK
flhC	flgK
flhD	flgL
flhC	flgL
flhD	flgM
flhC	flgM
flhD	flgN
flhC	flgN
flhD	flhA
flhC	flhA
flhD	flhB
flhC	flhB
flhD	flhE
flhC	flhE
flhD	fliA
flhC	fliA
flhD	fliD
flhC	fliD
flhD	fliE
flhC	fliE
flhD	fliF
flhC	fliF
flhD	fliG
flhC	fliG
flhD	fliH
flhC	fliH
flhD	fliI
flhC	fliI
flhD	fliJ
flhC	fliJ
flhD	fliK
flhC	fliK
flhD	fliL
flhC	fliL
flhD	fliM
flhC	fliM
flhD	fliN
flhC	fliN
flhD	fliO
flhC	fliO
flhD	fliP
flhC	fliP
flhD	fliQ
flhC	fliQ
flhD	fliR
flhC	fliR
flhD	fliS
flhC	fliS
flhD	fliT
flhC	fliT
flhD	fliZ
flhC	fliZ
flhD	glpA
flhC	glpA
flhD	glpB
flhC	glpB
flhD	glpC
flhC	glpC
flhD	gltI
flhC	gltI
flhD	gltJ
flhC	gltJ
flhD	gltK
flhC	gltK
flhD	gltL
flhC	gltL
flhD	hydN
flhC	hydN
flhD	hypF
flhC	hypF
flhD	mdh
flhC	mdh
flhD	mglA
flhC	mglA
flhD	mglB
flhC	mglB
flhD	mglC
flhC	mglC
flhD	napA
flhC	napA
flhD	napB
flhC	napB
flhD	napC
flhC	napC
flhD	napD
flhC	napD
flhD	napF
flhC	napF
flhD	napG
flhC	napG
flhD	napH
flhC	napH
flhD	nrfA
flhC	nrfA
flhD	nrfB
flhC	nrfB
flhD	nrfC
flhC	nrfC
flhD	nrfD
flhC	nrfD
flhD	nrfE
flhC	nrfE
flhD	nrfF
flhC	nrfF
flhD	nrfG
flhC	nrfG
flhD	pdeH
flhC	pdeH
flhD	ppdA
flhC	ppdA
flhD	ppdB
flhC	ppdB
flhD	ppdC
flhC	ppdC
flhD	recC
flhC	recC
flhD	sroC
flhC	sroC
flhD	tcyJ
flhC	tcyJ
flhD	ycgR
flhC	ycgR
flhD	yecR
flhC	yecR
flhD	ygbK
flhC	ygbK
flhD	ygdB
flhC	ygdB
fliZ	csgA
fliZ	csgB
fliZ	csgC
fliZ	csgD
fliZ	csgE
fliZ	csgF
fliZ	csgG
fliZ	flhC
fliZ	flhD
fliZ	gadB
fliZ	gadC
fliZ	gadE
fliZ	gadF
fliZ	hdeA
fliZ	hdeB
fliZ	mdtE
fliZ	mdtF
fliZ	mlrA
fliZ	osmY
fliZ	pdeR
fliZ	yhiD
fucR	fucA
fucR	fucI
fucR	fucK
fucR	fucO
fucR	fucP
fucR	fucR
fucR	fucU
fur	amtB
fur	aspC
fur	cirA
fur	cyoA
fur	cyoB
fur	cyoC
fur	cyoD
fur	cyoE
fur	entA
fur	entB
fur	entC
fur	entD
fur	entE
fur	entF
fur	entH
fur	entS
fur	exbB
fur	exbD
fur	fecA
fur	fecB
fur	fecC
fur	fecD
fur	fecE
fur	fecI
fur	fecR
fur	feoA
fur	feoB
fur	feoC
fur	fepA
fur	fepB
fur	fepC
fur	fepD
fur	fepE
fur	fepG
fur	fes
fur	fhuA
fur	fhuB
fur	fhuC
fur	fhuD
fur	fhuE
fur	fhuF
fur	fiu
fur	flhC
fur	flhD
fur	fnr
fur	ftnA
fur	fumB
fur	fumC
fur	fur
fur	garK
fur	garL
fur	garP
fur	garR
fur	gdhA
fur	glnD
fur	glnK
fur	gltB
fur	gltD
fur	gltF
fur	gnd
fur	gpmA
fur	grcA
fur	gspC
fur	gspD
fur	gspE
fur	gspF
fur	gspG
fur	gspH
fur	gspI
fur	gspJ
fur	gspK
fur	gspL
fur	gspM
fur	gspO
fur	hmp
fur	katE
fur	katG
fur	lpd
fur	metH
fur	metJ
fur	mntH
fur	mntP
fur	nac
fur	ndh
fur	nfeF
fur	nohA
fur	nrdE
fur	nrdF
fur	nrdH
fur	nrdI
fur	ompF
fur	oppA
fur	oppB
fur	oppC
fur	oppD
fur	oppF
fur	purR
fur	pyrC
fur	rcnA
fur	rcnB
fur	rnpB
fur	rpoS
fur	ryhB
fur	sdhA
fur	sdhB
fur	sdhC
fur	sdhD
fur	sdhX
fur	sodA
fur	soxR
fur	soxS
fur	stfQ
fur	sucA
fur	sucB
fur	sucC
fur	sucD
fur	sufA
fur	sufB
fur	sufC
fur	sufD
fur	sufE
fur	sufS
fur	tfaQ
fur	tonB
fur	ybdZ
fur	ygaC
fur	yhhY
fur	yjjZ
fur	zinT
fur	zwf
gadE	cyoA
gadE	cyoB
gadE	cyoC
gadE	cyoD
gadE	cyoE
gadE	fabZ
gadE	fliC
gadE	gadB
gadE	gadC
gadE	gadE
gadE	gadF
gadE	gadW
gadE	gadX
gadE	gltB
gadE	gltD
gadE	gltF
gadE	gnd
gadE	hdeA
gadE	hdeB
gadE	hdeD
gadE	lpxA
gadE	lpxD
gadE	lrp
gadE	mdtE
gadE	mdtF
gadE	purA
gadE	rcsA
gadE	skp
gadE	yhiD
gadE	yhiM
gadE	yjbQ
gadE	yjbR
gadE	adiC
rcsB	adiC
gadE	aslB
rcsB	aslB
gadE	cadA
rcsB	cadA
gadE	cadB
rcsB	cadB
gadE	dctR
rcsB	dctR
gadE	gadA
rcsB	gadA
rcsB	gadX
gadE	slp
rcsB	slp
rcsB	yhiM
gadW	dctR
gadW	gadA
gadW	gadB
gadW	gadC
gadW	gadE
gadW	gadF
gadW	gadW
gadW	gadX
gadW	gadY
gadW	hdeA
gadW	hdeB
gadW	mdtE
gadW	mdtF
gadW	slp
gadW	yhiD
gadX	amtB
gadX	asnB
gadX	btuB
gadX	cadA
gadX	cadB
gadX	dctR
gadX	dtpA
gadX	gadA
gadX	gadB
gadX	gadC
gadX	gadE
gadX	gadF
gadX	gadW
gadX	gadX
gadX	gadY
gadX	glnK
gadX	glsA
gadX	hdeA
gadX	hdeB
gadX	hdeD
gadX	hns
gadX	lon
gadX	mdtE
gadX	mdtF
gadX	murI
gadX	rpoS
gadX	slp
gadX	speG
gadX	uspE
gadX	ybaT
gadX	ydeM
gadX	ydeN
gadX	yhiD
gadX	ynfB
galR	galE
galR	galK
galR	galM
galR	galP
galR	galR
galR	galS
galR	galT
galR	mglA
galR	mglB
galR	mglC
galS	galE
galS	galK
galS	galM
galS	galP
galS	galR
galS	galS
galS	galT
galS	mglA
galS	mglB
galS	mglC
gatR	gatA
gatR	gatB
gatR	gatC
gatR	gatD
gatR	gatY
gatR	gatZ
gcvA	gcvA
gcvA	gcvB
gcvA	gcvH
gcvA	gcvP
gcvA	gcvT
glaR	gabD
glaR	gabP
glaR	gabT
glaR	glaH
glaR	lhgD
glcC	glcA
glcC	glcB
glcC	glcC
glcC	glcD
glcC	glcE
glcC	glcF
glcC	glcG
glpR	glpA
glpR	glpB
glpR	glpC
glpR	glpD
glpR	glpF
glpR	glpK
glpR	glpQ
glpR	glpT
glpR	glpX
glrR	glmY
glrR	rpoE
glrR	rseA
glrR	rseB
glrR	rseC
glrR	rseD
gntR	eda
gntR	edd
gntR	gntK
gntR	gntT
gntR	gntU
gntR	idnD
gntR	idnK
gntR	idnO
gntR	idnR
gntR	idnT
gntR	nfuA
gntR	yhgH
gutM	gutM
gutM	gutQ
gutM	srlA
gutM	srlB
gutM	srlD
gutM	srlE
gutM	srlR
hns	acrE
hns	acrF
hns	adeD
hns	adiA
hns	adiY
hns	alaU
hns	alaV
hns	appY
hns	asr
hns	bglB
hns	bglF
hns	bglG
hns	bglJ
hns	bolA
hns	cadA
hns	cadB
hns	cadC
hns	caiA
hns	caiB
hns	caiC
hns	caiD
hns	caiE
hns	caiF
hns	caiT
hns	cas1
hns	cas2
hns	casA
hns	casB
hns	casC
hns	casD
hns	casE
hns	chiA
hns	cmoM
hns	csgD
hns	csgE
hns	csgF
hns	csgG
hns	csiE
hns	cspA
hns	cspD
hns	cydA
hns	cydB
hns	cysA
hns	cysG
hns	cysM
hns	cysP
hns	cysU
hns	cysW
hns	dctR
hns	degP
hns	dps
hns	entF
hns	evgA
hns	evgS
hns	fau
hns	fepE
hns	fes
hns	fimA
hns	fimB
hns	fimC
hns	fimD
hns	fimE
hns	fimF
hns	fimG
hns	fimH
hns	fimI
hns	flhC
hns	flhD
hns	fliA
hns	fliC
hns	fliZ
hns	ftnA
hns	gabD
hns	gabP
hns	gabT
hns	gadA
hns	gadE
hns	gadF
hns	gadW
hns	gadX
hns	galE
hns	galK
hns	galM
hns	galT
hns	garK
hns	garL
hns	garP
hns	garR
hns	glaH
hns	gltT
hns	gltU
hns	gltW
hns	gspA
hns	gspB
hns	gspC
hns	gspD
hns	gspE
hns	gspF
hns	gspG
hns	gspH
hns	gspI
hns	gspJ
hns	gspK
hns	gspL
hns	gspM
hns	gspO
hns	gutM
hns	gutQ
hns	hchA
hns	hdeA
hns	hdeB
hns	hdeD
hns	hdfR
hns	hisJ
hns	hisM
hns	hisP
hns	hisQ
hns	hlyE
hns	hns
hns	ileU
hns	ileV
hns	ilvH
hns	ilvI
hns	lacA
hns	lacY
hns	lacZ
hns	leuO
hns	lhgD
hns	lrp
hns	mazE
hns	mazF
hns	mdtE
hns	mdtF
hns	mdtI
hns	mdtJ
hns	micF
hns	mukB
hns	mukE
hns	mukF
hns	nhaA
hns	nhaR
hns	nirB
hns	nirC
hns	nirD
hns	nrdA
hns	nrdB
hns	nrdD
hns	nrdG
hns	osmC
hns	proV
hns	proW
hns	proX
hns	rcsA
hns	rcsB
hns	rcsD
hns	relA
hns	rnpB
hns	rrfB
hns	rrfC
hns	rrfD
hns	rrfF
hns	rrfG
hns	rrfH
hns	rrlB
hns	rrlC
hns	rrlD
hns	rrlG
hns	rrlH
hns	rrsB
hns	rrsC
hns	rrsD
hns	rrsG
hns	rrsH
hns	slp
hns	srlA
hns	srlB
hns	srlD
hns	srlE
hns	srlR
hns	ssrS
hns	stpA
hns	tcyJ
hns	thrV
hns	ybdZ
hns	yciE
hns	yciF
hns	yciG
hns	ydeO
hns	ydeP
hns	yfaE
hns	yhiD
hns	yhiM
hns	yjjP
hns	yjjQ
hupA	galE
hupB	galE
hupA	galK
hupB	galK
hupA	galM
hupB	galM
hupA	galT
hupB	galT
hupA	micF
hupB	micF
hupA	mtr
hupB	mtr
hupA	pgm
hupB	pgm
hupA	seqA
hupB	seqA
hupA	tyrP
hupB	tyrP
hcaR	hcaB
hcaR	hcaC
hcaR	hcaD
hcaR	hcaE
hcaR	hcaF
hcaR	hcaR
hdfR	flhC
hdfR	flhD
hdfR	gltB
hdfR	gltD
hdfR	gltF
hicB	hicA
hicB	hicB
higA	higA
higA	higB
higB	higA
higB	higB
hipA	hipA
hipB	hipA
hipA	hipB
hipB	hipB
hipA	mazE
hipB	mazE
hipA	mazF
hipB	mazF
hipA	relA
hipB	relA
hipB	fadH
hprR	cusA
hprR	cusB
hprR	cusC
hprR	cusF
hprR	cusR
hprR	cusS
hprR	cyoA
hprR	cyoB
hprR	cyoC
hprR	cyoD
hprR	cyoE
hprR	hiuH
hyfR	focB
hyfR	hyfA
hyfR	hyfB
hyfR	hyfC
hyfR	hyfD
hyfR	hyfE
hyfR	hyfF
hyfR	hyfG
hyfR	hyfH
hyfR	hyfI
hyfR	hyfJ
hyfR	hyfR
hypT	cydA
hypT	cydB
hypT	cysH
hypT	fecA
hypT	fecB
hypT	fecC
hypT	fecD
hypT	fecE
hypT	metB
hypT	metI
hypT	metL
hypT	metN
hypT	metQ
ihfA	aceA
ihfB	aceA
ihfA	aceB
ihfB	aceB
ihfA	aceK
ihfB	aceK
ihfA	acs
ihfB	acs
ihfA	actP
ihfB	actP
ihfA	adiA
ihfB	adiA
ihfA	amiA
ihfB	amiA
ihfA	atoA
ihfB	atoA
ihfA	atoB
ihfB	atoB
ihfA	atoD
ihfB	atoD
ihfA	atoE
ihfB	atoE
ihfA	carA
ihfB	carA
ihfA	carB
ihfB	carB
ihfA	csgD
ihfB	csgD
ihfA	csgE
ihfB	csgE
ihfA	csgF
ihfB	csgF
ihfA	csgG
ihfB	csgG
ihfA	csrB
ihfB	csrB
ihfA	cysG
ihfB	cysG
ihfA	cysH
ihfB	cysH
ihfA	cysI
ihfB	cysI
ihfA	cysJ
ihfB	cysJ
ihfA	dcuD
ihfB	dcuD
ihfA	dmsA
ihfB	dmsA
ihfA	dmsB
ihfB	dmsB
ihfA	dmsC
ihfB	dmsC
ihfA	dppA
ihfB	dppA
ihfA	dppB
ihfB	dppB
ihfA	dppC
ihfB	dppC
ihfA	dppD
ihfB	dppD
ihfA	dppF
ihfB	dppF
ihfA	dps
ihfB	dps
ihfA	dusB
ihfB	dusB
ihfA	envZ
ihfB	envZ
ihfA	fhlA
ihfB	fhlA
ihfA	fimA
ihfB	fimA
ihfA	fimB
ihfB	fimB
ihfA	fimC
ihfB	fimC
ihfA	fimD
ihfB	fimD
ihfA	fimF
ihfB	fimF
ihfA	fimG
ihfB	fimG
ihfA	fimH
ihfB	fimH
ihfA	fimI
ihfB	fimI
ihfA	fis
ihfB	fis
ihfA	flhC
ihfB	flhC
ihfA	flhD
ihfB	flhD
ihfA	fliA
ihfB	fliA
ihfA	fliZ
ihfB	fliZ
ihfA	fnr
ihfB	fnr
ihfA	focA
ihfB	focA
ihfA	folA
ihfB	folA
ihfA	gcd
ihfB	gcd
ihfA	glcA
ihfB	glcA
ihfA	glcB
ihfB	glcB
ihfA	glcD
ihfB	glcD
ihfA	glcE
ihfB	glcE
ihfA	glcF
ihfB	glcF
ihfA	glcG
ihfB	glcG
ihfA	glmY
ihfB	glmY
ihfA	glnH
ihfB	glnH
ihfA	glnP
ihfB	glnP
ihfA	glnQ
ihfB	glnQ
ihfA	glpQ
ihfB	glpQ
ihfA	glpT
ihfB	glpT
ihfA	gltA
ihfB	gltA
ihfA	gltB
ihfB	gltB
ihfA	gltD
ihfB	gltD
ihfA	gltF
ihfB	gltF
ihfA	hemA
ihfB	hemA
ihfA	hemF
ihfB	hemF
ihfA	hipA
ihfB	hipA
ihfA	hipB
ihfB	hipB
ihfA	hpt
ihfB	hpt
ihfA	htrE
ihfB	htrE
ihfA	hycA
ihfB	hycA
ihfA	hycB
ihfB	hycB
ihfA	hycC
ihfB	hycC
ihfA	hycD
ihfB	hycD
ihfA	hycE
ihfB	hycE
ihfA	hycF
ihfB	hycF
ihfA	hycG
ihfB	hycG
ihfA	hycH
ihfB	hycH
ihfA	hycI
ihfB	hycI
ihfA	hypA
ihfB	hypA
ihfA	hypB
ihfB	hypB
ihfA	hypC
ihfB	hypC
ihfA	hypD
ihfB	hypD
ihfA	hypE
ihfB	hypE
ihfA	ibpB
ihfB	ibpB
ihfA	ihfA
ihfB	ihfA
ihfA	ihfB
ihfB	ihfB
ihfA	ilvA
ihfB	ilvA
ihfA	ilvD
ihfB	ilvD
ihfA	ilvE
ihfB	ilvE
ihfA	ilvG
ihfB	ilvG
ihfA	ilvL
ihfB	ilvL
ihfA	ilvM
ihfB	ilvM
ihfA	ilvX
ihfB	ilvX
ihfA	lyxK
ihfB	lyxK
ihfA	micF
ihfB	micF
ihfA	mtr
ihfB	mtr
ihfA	narG
ihfB	narG
ihfA	narH
ihfB	narH
ihfA	narI
ihfB	narI
ihfA	narJ
ihfB	narJ
ihfA	narK
ihfB	narK
ihfA	ndh
ihfB	ndh
ihfA	nirB
ihfB	nirB
ihfA	nirC
ihfB	nirC
ihfA	nirD
ihfB	nirD
ihfA	nmpC
ihfB	nmpC
ihfA	norV
ihfB	norV
ihfA	norW
ihfB	norW
ihfA	nrfA
ihfB	nrfA
ihfA	nrfB
ihfB	nrfB
ihfA	nrfC
ihfB	nrfC
ihfA	nrfD
ihfB	nrfD
ihfA	nrfE
ihfB	nrfE
ihfA	nrfF
ihfB	nrfF
ihfA	nrfG
ihfB	nrfG
ihfA	nuoA
ihfB	nuoA
ihfA	nuoB
ihfB	nuoB
ihfA	nuoC
ihfB	nuoC
ihfA	nuoE
ihfB	nuoE
ihfA	nuoF
ihfB	nuoF
ihfA	nuoG
ihfB	nuoG
ihfA	nuoH
ihfB	nuoH
ihfA	nuoI
ihfB	nuoI
ihfA	nuoJ
ihfB	nuoJ
ihfA	nuoK
ihfB	nuoK
ihfA	nuoL
ihfB	nuoL
ihfA	nuoM
ihfB	nuoM
ihfA	nuoN
ihfB	nuoN
ihfA	ompC
ihfB	ompC
ihfA	ompF
ihfB	ompF
ihfA	ompR
ihfB	ompR
ihfA	osmE
ihfB	osmE
ihfA	osmY
ihfB	osmY
ihfA	paaA
ihfB	paaA
ihfA	paaB
ihfB	paaB
ihfA	paaC
ihfB	paaC
ihfA	paaD
ihfB	paaD
ihfA	paaE
ihfB	paaE
ihfA	paaF
ihfB	paaF
ihfA	paaG
ihfB	paaG
ihfA	paaH
ihfB	paaH
ihfA	paaI
ihfB	paaI
ihfA	paaJ
ihfB	paaJ
ihfA	paaK
ihfB	paaK
ihfA	paaZ
ihfB	paaZ
ihfA	patA
ihfB	patA
ihfA	pflB
ihfB	pflB
ihfA	phoU
ihfB	phoU
ihfA	prfA
ihfB	prfA
ihfA	prmC
ihfB	prmC
ihfA	proV
ihfB	proV
ihfA	proW
ihfB	proW
ihfA	proX
ihfB	proX
ihfA	pspA
ihfB	pspA
ihfA	pspB
ihfB	pspB
ihfA	pspC
ihfB	pspC
ihfA	pspD
ihfB	pspD
ihfA	pspE
ihfB	pspE
ihfA	pspG
ihfB	pspG
ihfA	pstA
ihfB	pstA
ihfA	pstB
ihfB	pstB
ihfA	pstC
ihfB	pstC
ihfA	pstS
ihfB	pstS
ihfA	rpoE
ihfB	rpoE
ihfA	rpoH
ihfB	rpoH
ihfA	rseA
ihfB	rseA
ihfA	rseB
ihfB	rseB
ihfA	rseC
ihfB	rseC
ihfA	rseD
ihfB	rseD
ihfA	rtcA
ihfB	rtcA
ihfA	rtcB
ihfB	rtcB
ihfA	sgbE
ihfB	sgbE
ihfA	sgbH
ihfB	sgbH
ihfA	sgbU
ihfB	sgbU
ihfA	sodA
ihfB	sodA
ihfA	sodB
ihfB	sodB
ihfA	sra
ihfB	sra
ihfA	ssuA
ihfB	ssuA
ihfA	ssuB
ihfB	ssuB
ihfA	ssuC
ihfB	ssuC
ihfA	ssuD
ihfB	ssuD
ihfA	ssuE
ihfB	ssuE
ihfA	sucA
ihfB	sucA
ihfA	sucB
ihfB	sucB
ihfA	sucC
ihfB	sucC
ihfA	sucD
ihfB	sucD
ihfA	sufA
ihfB	sufA
ihfA	sufB
ihfB	sufB
ihfA	sufC
ihfB	sufC
ihfA	sufD
ihfB	sufD
ihfA	sufE
ihfB	sufE
ihfA	sufS
ihfB	sufS
ihfA	tcyJ
ihfB	tcyJ
ihfA	tdcA
ihfB	tdcA
ihfA	tdcB
ihfB	tdcB
ihfA	tdcC
ihfB	tdcC
ihfA	tdcD
ihfB	tdcD
ihfA	tdcE
ihfB	tdcE
ihfA	tdcF
ihfB	tdcF
ihfA	tdcG
ihfB	tdcG
ihfA	tyrP
ihfB	tyrP
ihfA	ubiA
ihfB	ubiA
ihfA	ubiC
ihfB	ubiC
ihfA	ulaA
ihfB	ulaA
ihfA	ulaB
ihfB	ulaB
ihfA	ulaC
ihfB	ulaC
ihfA	ulaD
ihfB	ulaD
ihfA	ulaE
ihfB	ulaE
ihfA	ulaF
ihfB	ulaF
ihfA	ulaG
ihfB	ulaG
ihfA	uspA
ihfB	uspA
ihfA	uspB
ihfB	uspB
ihfA	yadV
ihfB	yadV
ihfA	yeiL
ihfB	yeiL
ihfA	yiaJ
ihfB	yiaJ
ihfA	yiaK
ihfB	yiaK
ihfA	yiaL
ihfB	yiaL
ihfA	yiaM
ihfB	yiaM
ihfA	yiaN
ihfB	yiaN
ihfA	yiaO
ihfB	yiaO
ihfA	yjbE
ihfB	yjbE
ihfA	yjbF
ihfB	yjbF
ihfA	yjbG
ihfB	yjbG
ihfA	yjbH
ihfB	yjbH
ihfA	yjcH
ihfB	yjcH
iclR	aceA
iclR	aceB
iclR	aceK
iclR	iclR
idnR	gntK
idnR	gntU
idnR	idnD
idnR	idnK
idnR	idnO
idnR	idnR
idnR	idnT
ilvY	ilvC
ilvY	ilvY
iscR	erpA
iscR	hyaA
iscR	hyaB
iscR	hyaC
iscR	hyaD
iscR	hyaE
iscR	hyaF
iscR	iscA
iscR	iscR
iscR	iscS
iscR	iscU
iscR	napA
iscR	napB
iscR	napC
iscR	napD
iscR	napF
iscR	napG
iscR	napH
iscR	nfuA
iscR	nrdE
iscR	nrdF
iscR	nrdH
iscR	nrdI
iscR	rnlA
iscR	rnlB
iscR	sufA
iscR	sufB
iscR	sufC
iscR	sufD
iscR	sufE
iscR	sufS
iscR	ydiU
kdgR	eda
kdgR	edd
kdpE	kdpA
kdpE	kdpB
kdpE	kdpC
kdpE	kdpF
lacI	lacA
lacI	lacY
lacI	lacZ
leuO	bglB
leuO	bglF
leuO	bglG
leuO	bglJ
leuO	cadC
leuO	cas1
leuO	cas2
leuO	casA
leuO	casB
leuO	casC
leuO	casD
leuO	casE
leuO	dsrA
leuO	leuA
leuO	leuB
leuO	leuC
leuO	leuD
leuO	leuL
leuO	leuO
leuO	yjjQ
lexA	cho
lexA	ddlB
lexA	dinB
lexA	dinD
lexA	dinF
lexA	dinG
lexA	dinI
lexA	dinJ
lexA	dinQ
lexA	dnaG
lexA	ftsA
lexA	ftsI
lexA	ftsK
lexA	ftsL
lexA	ftsQ
lexA	ftsW
lexA	ftsZ
lexA	hokE
lexA	insK
lexA	lexA
lexA	lpxC
lexA	mraY
lexA	murC
lexA	murD
lexA	murE
lexA	murF
lexA	murG
lexA	phr
lexA	polB
lexA	ptrA
lexA	recA
lexA	recB
lexA	recD
lexA	recN
lexA	recQ
lexA	recX
lexA	rpoD
lexA	rpsU
lexA	ruvA
lexA	ruvB
lexA	sbmC
lexA	ssb
lexA	sulA
lexA	symE
lexA	tisB
lexA	umuC
lexA	umuD
lexA	uvrA
lexA	uvrB
lexA	uvrC
lexA	uvrD
lexA	uvrY
lexA	yafN
lexA	yafO
lexA	yafP
lexA	yafQ
lexA	ybfE
lexA	ybiB
lexA	ydjM
lexA	yebG
lexA	yehF
lldR	lldD
lldR	lldP
lldR	lldR
lrhA	fimE
lrhA	flhC
lrhA	flhD
lrhA	leuO
lrhA	lrhA
lrp	adhE
lrp	aidB
lrp	alaA
lrp	alaE
lrp	alaT
lrp	alaU
lrp	alaV
lrp	argO
lrp	aroA
lrp	avtA
lrp	cadA
lrp	cadB
lrp	dadA
lrp	dadX
lrp	fau
lrp	fimA
lrp	fimC
lrp	fimD
lrp	fimE
lrp	fimF
lrp	fimG
lrp	fimH
lrp	fimI
lrp	gabD
lrp	gabP
lrp	gabT
lrp	gcvH
lrp	gcvP
lrp	gcvT
lrp	glaH
lrp	gltB
lrp	gltD
lrp	gltF
lrp	gltT
lrp	gltU
lrp	gltV
lrp	gltW
lrp	hdeA
lrp	hdeB
lrp	ileT
lrp	ileU
lrp	ileV
lrp	ilvA
lrp	ilvD
lrp	ilvE
lrp	ilvG
lrp	ilvH
lrp	ilvI
lrp	ilvL
lrp	ilvM
lrp	ilvX
lrp	kbl
lrp	leuE
lrp	lhgD
lrp	livF
lrp	livG
lrp	livH
lrp	livJ
lrp	livK
lrp	livM
lrp	lrp
lrp	lysP
lrp	lysU
lrp	malT
lrp	micF
lrp	ompC
lrp	oppA
lrp	oppB
lrp	oppC
lrp	oppD
lrp	oppF
lrp	osmC
lrp	osmY
lrp	ridA
lrp	rrfA
lrp	rrfB
lrp	rrfC
lrp	rrfD
lrp	rrfE
lrp	rrfF
lrp	rrfG
lrp	rrfH
lrp	rrlA
lrp	rrlB
lrp	rrlC
lrp	rrlD
lrp	rrlE
lrp	rrlG
lrp	rrlH
lrp	rrsA
lrp	rrsB
lrp	rrsC
lrp	rrsD
lrp	rrsE
lrp	rrsG
lrp	rrsH
lrp	sdaA
lrp	serA
lrp	serC
lrp	ssrS
lrp	stpA
lrp	tdh
lrp	thrV
lrp	yeiL
lrp	yhiD
lrp	yojI
lsrR	lsrA
lsrR	lsrB
lsrR	lsrC
lsrR	lsrD
lsrR	lsrF
lsrR	lsrG
lsrR	lsrK
lsrR	lsrR
lsrR	tam
lysR	lysA
lysR	lysR
malI	malI
malI	malX
malI	malY
malT	lamB
malT	malE
malT	malF
malT	malG
malT	malK
malT	malM
malT	malP
malT	malQ
malT	malS
malT	malZ
marA	acnA
marA	acrA
marA	acrB
marA	acrZ
marA	aldA
marA	dctR
marA	decR
marA	fpr
marA	fumC
marA	hdeA
marA	hdeB
marA	inaA
marA	lacA
marA	lacY
marA	lacZ
marA	marA
marA	marB
marA	marR
marA	micF
marA	mlaB
marA	mlaC
marA	mlaD
marA	mlaE
marA	mlaF
marA	nfo
marA	nfsA
marA	nfsB
marA	poxB
marA	pqiA
marA	pqiB
marA	pqiC
marA	purA
marA	putA
marA	rimK
marA	rob
marA	slp
marA	sodA
marA	tolC
marA	waaY
marA	waaZ
marA	xseA
marA	ybjC
marA	ybjN
marA	ygiB
marA	ygiC
marA	yhiD
marA	yncE
marA	zwf
marR	marA
marR	marB
marR	marR
matA	ecpA
matA	ecpR
matA	flhC
matA	flhD
matA	fliA
matA	fliC
matA	fliZ
matA	tcyJ
mazE	mazE
mazE	mazF
mazE	mazG
mazF	mazE
mazF	mazF
mazF	mazG
mcbR	mcbA
mcbR	rmf
mcbR	rsd
mcbR	yciE
mcbR	yciF
mcbR	yciG
melR	melA
melR	melB
melR	melR
metJ	ahpC
metJ	ahpF
metJ	folE
metJ	metA
metJ	metB
metJ	metC
metJ	metE
metJ	metF
metJ	metI
metJ	metK
metJ	metL
metJ	metN
metJ	metQ
metJ	metR
metJ	yeiB
metR	glyA
metR	hmp
metR	metE
metR	metH
metR	metR
mhpR	mhpA
mhpR	mhpB
mhpR	mhpC
mhpR	mhpD
mhpR	mhpE
mhpR	mhpF
mlc	crr
mlc	malT
mlc	manX
mlc	manY
mlc	manZ
mlc	mlc
mlc	ptsG
mlc	ptsH
mlc	ptsI
mlc	ynfK
mlrA	cadC
mlrA	csgD
mlrA	csgE
mlrA	csgF
mlrA	csgG
mlrA	ibaG
mlrA	obgE
mlrA	rplU
mlrA	rpmA
mlrA	yhbE
mngR	mngA
mngR	mngB
mngR	mngR
mntR	dps
mntR	mntH
mntR	mntP
mntR	mntS
mntR	rybA
modE	ccmA
modE	ccmB
modE	ccmC
modE	ccmD
modE	ccmE
modE	ccmF
modE	ccmG
modE	ccmH
modE	deoA
modE	deoB
modE	deoC
modE	deoD
modE	dmsA
modE	dmsB
modE	dmsC
modE	hycA
modE	hycB
modE	hycC
modE	hycD
modE	hycE
modE	hycF
modE	hycG
modE	hycH
modE	hycI
modE	moaA
modE	moaB
modE	moaC
modE	moaD
modE	moaE
modE	modA
modE	modB
modE	modC
modE	napA
modE	napB
modE	napC
modE	napD
modE	napF
modE	napG
modE	napH
modE	narL
modE	narX
modE	oppA
modE	oppB
modE	oppC
modE	oppD
modE	oppF
mprA	acrA
mprA	acrB
mprA	emrA
mprA	emrB
mprA	mprA
mprA	nmpC
mqsA	csgD
mqsA	csgE
mqsA	csgF
mqsA	csgG
mqsA	cspD
mqsA	mqsA
mqsA	mqsR
mqsA	rpoS
mraZ	ddlB
mraZ	ftsA
mraZ	ftsI
mraZ	ftsL
mraZ	ftsQ
mraZ	ftsW
mraZ	ftsZ
mraZ	lpxC
mraZ	mioC
mraZ	mraY
mraZ	mraZ
mraZ	murC
mraZ	murD
mraZ	murE
mraZ	murF
mraZ	murG
mraZ	rsmH
murR	murP
murR	murQ
murR	murR
nac	asnC
nac	codA
nac	codB
nac	feaR
nac	fecA
nac	fecB
nac	fecC
nac	fecD
nac	fecE
nac	gabD
nac	gabP
nac	gabT
nac	gdhA
nac	gltB
nac	gltD
nac	gltF
nac	mioC
nac	mnmG
nac	nac
nac	nupC
nac	patD
nac	serA
nac	ydcS
nac	ydcT
nac	ydcU
nac	ydcV
nadR	nadA
nadR	nadB
nadR	pncB
nadR	pnuC
nagC	chbA
nagC	chbB
nagC	chbC
nagC	chbF
nagC	chbG
nagC	chbR
nagC	chiP
nagC	chiQ
nagC	creA
nagC	creB
nagC	creC
nagC	creD
nagC	crr
nagC	dinI
nagC	feoA
nagC	feoB
nagC	feoC
nagC	fimB
nagC	galP
nagC	glmS
nagC	glmU
nagC	manX
nagC	manY
nagC	manZ
nagC	nagA
nagC	nagB
nagC	nagC
nagC	nagE
nagC	nanC
nagC	nanM
nagC	nanS
nagC	ptsH
nagC	ptsI
nagC	umpH
nagC	ydeM
nagC	ydeN
nagC	ydeP
nanR	fimB
nanR	nanA
nanR	nanC
nanR	nanE
nanR	nanK
nanR	nanM
nanR	nanS
nanR	nanT
nanR	yhcH
nanR	yjhB
nanR	yjhC
narL	adhE
narL	aspA
narL	caiF
narL	ccmA
narL	ccmB
narL	ccmC
narL	ccmD
narL	ccmE
narL	ccmF
narL	ccmG
narL	ccmH
narL	citC
narL	citD
narL	citE
narL	citF
narL	citG
narL	citX
narL	cydC
narL	cydD
narL	cysG
narL	dcuA
narL	dcuB
narL	dcuR
narL	dcuS
narL	dmsA
narL	dmsB
narL	dmsC
narL	dmsD
narL	dpiA
narL	dpiB
narL	fdhF
narL	fdnG
narL	fdnH
narL	fdnI
narL	focA
narL	frdA
narL	frdB
narL	frdC
narL	frdD
narL	fumB
narL	hcp
narL	hcr
narL	hyaA
narL	hyaB
narL	hyaC
narL	hyaD
narL	hyaE
narL	hyaF
narL	hybA
narL	hybB
narL	hybC
narL	hybD
narL	hybE
narL	hybF
narL	hybG
narL	hybO
narL	moeA
narL	moeB
narL	napA
narL	napB
narL	napC
narL	napD
narL	napF
narL	napG
narL	napH
narL	narG
narL	narH
narL	narI
narL	narJ
narL	narK
narL	nikA
narL	nikB
narL	nikC
narL	nikD
narL	nikE
narL	nikR
narL	nirB
narL	nirC
narL	nirD
narL	norV
narL	norW
narL	nrfA
narL	nrfB
narL	nrfC
narL	nrfD
narL	nrfE
narL	nrfF
narL	nrfG
narL	nuoA
narL	nuoB
narL	nuoC
narL	nuoE
narL	nuoF
narL	nuoG
narL	nuoH
narL	nuoI
narL	nuoJ
narL	nuoK
narL	nuoL
narL	nuoM
narL	nuoN
narL	ogt
narL	ompW
narL	pflB
narL	poxB
narL	torA
narL	torC
narL	torD
narL	ubiA
narL	ubiC
narL	ydeP
narL	ydhT
narL	ydhU
narL	ydhV
narL	ydhW
narL	ydhX
narL	ydhY
narL	yeaR
narL	ynfE
narL	ynfF
narL	ynfG
narL	ynfH
narL	yoaG
narL	ytfE
narP	ccmA
narP	ccmB
narP	ccmC
narP	ccmD
narP	ccmE
narP	ccmF
narP	ccmG
narP	ccmH
narP	cysG
narP	fdhF
narP	fdnG
narP	fdnH
narP	fdnI
narP	hcp
narP	hcr
narP	hyaA
narP	hyaB
narP	hyaC
narP	hyaD
narP	hyaE
narP	hyaF
narP	napA
narP	napB
narP	napC
narP	napD
narP	napF
narP	napG
narP	napH
narP	nirB
narP	nirC
narP	nirD
narP	norV
narP	norW
narP	nrfA
narP	nrfB
narP	nrfC
narP	nrfD
narP	nrfE
narP	nrfF
narP	nrfG
narP	poxB
narP	ydeP
narP	ydhT
narP	ydhU
narP	ydhV
narP	ydhW
narP	ydhX
narP	ydhY
narP	yeaR
narP	yoaG
narP	ytfE
nemR	gloA
nemR	nemA
nemR	nemR
nfeR	nfeF
nfeR	nfeR
nhaR	nhaA
nhaR	nhaR
nhaR	osmC
nhaR	pgaA
nhaR	pgaB
nhaR	pgaC
nhaR	pgaD
nikR	nikA
nikR	nikB
nikR	nikC
nikR	nikD
nikR	nikE
nikR	nikR
nimR	nimR
nimR	nimT
norR	norR
norR	norV
norR	norW
nrdR	nrdA
nrdR	nrdB
nrdR	nrdD
nrdR	nrdE
nrdR	nrdF
nrdR	nrdG
nrdR	nrdH
nrdR	nrdI
nrdR	yfaE
nsrR	aceE
nsrR	aceF
nsrR	bamE
nsrR	bdcA
nsrR	cdd
nsrR	dkgB
nsrR	dsdC
nsrR	feaB
nsrR	feaR
nsrR	fhlA
nsrR	fliA
nsrR	fliZ
nsrR	grxD
nsrR	hcp
nsrR	hcr
nsrR	hmp
nsrR	hycA
nsrR	hycB
nsrR	hycC
nsrR	hycD
nsrR	hycE
nsrR	hycF
nsrR	hycG
nsrR	hycH
nsrR	hycI
nsrR	hypA
nsrR	hypB
nsrR	hypC
nsrR	hypD
nsrR	hypE
nsrR	ihfA
nsrR	infC
nsrR	lrp
nsrR	mepH
nsrR	mhpT
nsrR	ndh
nsrR	norR
nsrR	nrfA
nsrR	nrfB
nsrR	nrfC
nsrR	nrfD
nsrR	nrfE
nsrR	nrfF
nsrR	nrfG
nsrR	pgpC
nsrR	pheM
nsrR	pheS
nsrR	pheT
nsrR	poxB
nsrR	rfe
nsrR	rffC
nsrR	rffG
nsrR	rffH
nsrR	rffM
nsrR	rplT
nsrR	rpmI
nsrR	rybB
nsrR	sodB
nsrR	sufA
nsrR	sufB
nsrR	sufC
nsrR	sufD
nsrR	sufE
nsrR	sufS
nsrR	tadA
nsrR	tcyJ
nsrR	tehA
nsrR	tehB
nsrR	thrS
nsrR	tsgA
nsrR	waaH
nsrR	wecB
nsrR	wecC
nsrR	wecE
nsrR	wecF
nsrR	wzxE
nsrR	wzyE
nsrR	wzzE
nsrR	ydbD
nsrR	yeaE
nsrR	yeaR
nsrR	ygbA
nsrR	yoaG
nsrR	ytfE
ntrC	amtB
ntrC	argT
ntrC	astA
ntrC	astB
ntrC	astC
ntrC	astD
ntrC	astE
ntrC	cbl
ntrC	ddpA
ntrC	ddpB
ntrC	ddpC
ntrC	ddpD
ntrC	ddpF
ntrC	ddpX
ntrC	glnA
ntrC	glnG
ntrC	glnH
ntrC	glnK
ntrC	glnL
ntrC	glnP
ntrC	glnQ
ntrC	hisJ
ntrC	hisM
ntrC	hisP
ntrC	hisQ
ntrC	nac
ntrC	patA
ntrC	potF
ntrC	potG
ntrC	potH
ntrC	potI
ntrC	relA
ntrC	rpoE
ntrC	rseA
ntrC	rseB
ntrC	rseC
ntrC	rseD
ntrC	rutA
ntrC	rutB
ntrC	rutC
ntrC	rutD
ntrC	rutE
ntrC	rutF
ntrC	rutG
ntrC	yeaG
ntrC	yeaH
ntrC	yhdW
ntrC	yhdX
ntrC	yhdY
ntrC	yhdZ
ompR	bolA
ompR	cadA
ompR	cadB
ompR	cadC
ompR	csgD
ompR	csgE
ompR	csgF
ompR	csgG
ompR	dtpA
ompR	ecnB
ompR	fadL
ompR	flhC
ompR	flhD
ompR	micF
ompR	nmpC
ompR	ompC
ompR	ompF
ompR	omrA
ompR	omrB
ompR	pgaA
ompR	pgaB
ompR	pgaC
ompR	pgaD
ompR	sra
oxyR	ahpC
oxyR	ahpF
oxyR	ccp
oxyR	dps
oxyR	dsbG
oxyR	elaB
oxyR	fhuF
oxyR	flu
oxyR	fur
oxyR	gntP
oxyR	gor
oxyR	grxA
oxyR	hcp
oxyR	hcr
oxyR	hemH
oxyR	isrC
oxyR	katG
oxyR	metE
oxyR	metR
oxyR	mntH
oxyR	nfsA
oxyR	oxyR
oxyR	oxyS
oxyR	poxB
oxyR	rimK
oxyR	sufA
oxyR	sufB
oxyR	sufC
oxyR	sufD
oxyR	sufE
oxyR	sufS
oxyR	trxC
oxyR	uof
oxyR	uxuA
oxyR	uxuB
oxyR	ybjC
oxyR	ybjN
oxyR	ychF
oxyR	yjjZ
oxyR	zinT
oxyR	znuA
oxyR	znuB
oxyR	znuC
paaX	paaA
paaX	paaB
paaX	paaC
paaX	paaD
paaX	paaE
paaX	paaF
paaX	paaG
paaX	paaH
paaX	paaI
paaX	paaJ
paaX	paaK
paaX	paaX
paaX	paaY
paaX	paaZ
pdeL	pdeL
pdhR	aceE
pdhR	aceF
pdhR	cyoA
pdhR	cyoB
pdhR	cyoC
pdhR	cyoD
pdhR	cyoE
pdhR	ddlB
pdhR	fecA
pdhR	fecB
pdhR	fecC
pdhR	fecD
pdhR	fecE
pdhR	ftsA
pdhR	ftsI
pdhR	ftsL
pdhR	ftsQ
pdhR	ftsW
pdhR	ftsZ
pdhR	glcA
pdhR	glcB
pdhR	glcD
pdhR	glcE
pdhR	glcF
pdhR	glcG
pdhR	grcA
pdhR	hemL
pdhR	hha
pdhR	lpd
pdhR	lpxC
pdhR	mraY
pdhR	mraZ
pdhR	murC
pdhR	murD
pdhR	murE
pdhR	murF
pdhR	murG
pdhR	ndh
pdhR	pdhR
pdhR	rsmH
pdhR	tomB
pepA	carA
pepA	carB
pepA	pepA
pgrR	mpaA
pgrR	tyrR
pgrR	ycjF
pgrR	ycjG
pgrR	ycjX
pgrR	ycjY
pgrR	ymjC
pgrR	ymjD
phoB	adiC
phoB	amn
phoB	argP
phoB	asr
phoB	cra
phoB	cusA
phoB	cusB
phoB	cusC
phoB	cusF
phoB	cusR
phoB	cusS
phoB	eda
phoB	feaR
phoB	gadW
phoB	gadX
phoB	hiuH
phoB	mipA
phoB	ompF
phoB	phnC
phoB	phnD
phoB	phnE
phoB	phnF
phoB	phnG
phoB	phnH
phoB	phnI
phoB	phnJ
phoB	phnK
phoB	phnL
phoB	phnM
phoB	phnN
phoB	phnO
phoB	phnP
phoB	phoA
phoB	phoB
phoB	phoE
phoB	phoH
phoB	phoQ
phoB	phoR
phoB	phoU
phoB	pitB
phoB	prpR
phoB	psiE
phoB	psiF
phoB	pstA
phoB	pstB
phoB	pstC
phoB	pstS
phoB	sbcC
phoB	sbcD
phoB	tktB
phoB	ugpA
phoB	ugpB
phoB	ugpC
phoB	ugpE
phoB	ugpQ
phoB	waaH
phoB	ydfH
phoB	yegH
phoB	yhjC
phoB	ytfK
phoP	acrA
phoP	acrB
phoP	argD
phoP	borD
phoP	clpS
phoP	cysB
phoP	dcuD
phoP	fadL
phoP	gadE
phoP	gadF
phoP	gadW
phoP	glgA
phoP	glgB
phoP	glgC
phoP	glgP
phoP	glgX
phoP	hdeA
phoP	hdeB
phoP	hdeD
phoP	hemL
phoP	iraM
phoP	malS
phoP	metB
phoP	metL
phoP	mgrB
phoP	mgrR
phoP	mgtA
phoP	mgtL
phoP	mgtS
phoP	nagA
phoP	ompT
phoP	pagP
phoP	phoP
phoP	phoQ
phoP	purD
phoP	purH
phoP	rstA
phoP	rstB
phoP	rutA
phoP	rutB
phoP	rutC
phoP	rutD
phoP	rutE
phoP	rutF
phoP	rutG
phoP	safA
phoP	slyB
phoP	tolC
phoP	treR
phoP	ybjG
phoP	ydeO
phoP	ydeP
phoP	ygiB
phoP	ygiC
phoP	yhiD
phoP	yrbL
prpR	prpB
prpR	prpC
prpR	prpD
prpR	prpE
prpR	prpR
pspF	pspA
pspF	pspB
pspF	pspC
pspF	pspD
pspF	pspE
pspF	pspF
pspF	pspG
purR	carA
purR	carB
purR	codA
purR	codB
purR	cvpA
purR	gcvH
purR	gcvP
purR	gcvT
purR	glnB
purR	glyA
purR	guaA
purR	guaB
purR	hflD
purR	prs
purR	purA
purR	purB
purR	purC
purR	purD
purR	purE
purR	purF
purR	purH
purR	purK
purR	purL
purR	purM
purR	purN
purR	purR
purR	purT
purR	pyrC
purR	pyrD
purR	speA
purR	speB
purR	ubiX
putA	putA
putA	putP
puuR	puuA
puuR	puuB
puuR	puuC
puuR	puuD
puuR	puuE
puuR	puuP
puuR	puuR
puuR	ymjE
pyrR	yhjX
qseB	feaR
qseB	fimA
qseB	fimC
qseB	fimD
qseB	fimF
qseB	fimG
qseB	fimH
qseB	fimI
qseB	flhC
qseB	flhD
qseB	qseB
qseB	qseC
rbsR	add
rbsR	purD
rbsR	purH
rbsR	rbsA
rbsR	rbsB
rbsR	rbsC
rbsR	rbsD
rbsR	rbsK
rbsR	rbsR
rcdA	asr
rcdA	bluF
rcdA	csgD
rcdA	csgE
rcdA	csgF
rcdA	csgG
rcdA	rmf
rcdA	rsd
rcdA	sulA
rcdA	yagK
rcdA	ydeI
rclR	rclA
rclR	rclB
rclR	rclC
rcnR	rcnA
rcnR	rcnB
rcnR	rcnR
rcsA	csgD
rcsB	csgD
rcsA	csgE
rcsB	csgE
rcsA	csgF
rcsB	csgF
rcsA	csgG
rcsB	csgG
rcsA	flhC
rcsB	flhC
rcsA	flhD
rcsB	flhD
rcsA	rcsA
rcsB	rcsA
rcsA	wcaA
rcsB	wcaA
rcsA	wcaB
rcsB	wcaB
rcsA	wza
rcsB	wza
rcsA	wzb
rcsB	wzb
rcsA	wzc
rcsB	wzc
rcsA	yjbE
rcsB	yjbE
rcsA	yjbF
rcsB	yjbF
rcsA	yjbG
rcsB	yjbG
rcsA	yjbH
rcsB	yjbH
rcsB	bdm
rcsB	ftsA
rcsB	ftsZ
rcsB	gadB
rcsB	gadC
rcsB	gadY
rcsB	hdeA
rcsB	hdeB
rcsB	hdeD
rcsB	lolA
rcsB	osmB
rcsB	osmC
rcsB	rarA
rcsB	rpoE
rcsB	rprA
rcsB	rseA
rcsB	rseB
rcsB	rseC
rcsB	rseD
rcsB	safA
rcsB	sra
rcsB	ydeO
rcsB	ydeP
rcsB	yhiD
rcsB	bglB
bglJ	bglB
rcsB	bglF
bglJ	bglF
rcsB	bglG
bglJ	bglG
rcsB	leuO
bglJ	leuO
rcsB	sfsB
bglJ	sfsB
rcsB	yecT
bglJ	yecT
rcsB	yehF
bglJ	yehF
rcsB	ygiZ
bglJ	ygiZ
rcsB	yidL
bglJ	yidL
rcsB	ykiA
bglJ	ykiA
rcsB	ynbA
bglJ	ynbA
rcsB	ynbB
bglJ	ynbB
rcsB	ynbC
bglJ	ynbC
rcsB	ynbD
bglJ	ynbD
rcsB	ynjI
bglJ	ynjI
rcsB	yqhG
bglJ	yqhG
relB	hokD
relB	relB
relB	relE
relE	hokD
relE	relB
relE	relE
rhaR	rhaR
rhaR	rhaS
rhaS	rhaA
rhaS	rhaB
rhaS	rhaD
rhaS	rhaR
rhaS	rhaS
rhaS	rhaT
rob	acnA
rob	acrA
rob	acrB
rob	acrZ
rob	aldA
rob	aslB
rob	fumC
rob	inaA
rob	ldtB
rob	marA
rob	marB
rob	marR
rob	micF
rob	mltF
rob	nfo
rob	nfsA
rob	nfsB
rob	rimK
rob	rob
rob	sodA
rob	tolC
rob	ybjC
rob	ybjN
rob	ygiB
rob	ygiC
rob	zwf
rstA	asr
rstA	csgD
rstA	csgE
rstA	csgF
rstA	csgG
rstA	narG
rstA	narH
rstA	narI
rstA	narJ
rstA	ompF
rtcR	rtcA
rtcR	rtcB
rutR	carA
rutR	carB
rutR	fepB
rutR	gadW
rutR	gadX
rutR	gloA
rutR	nemA
rutR	nemR
rutR	pdeR
rutR	rutA
rutR	rutB
rutR	rutC
rutR	rutD
rutR	rutE
rutR	rutF
rutR	rutG
rutR	rutR
sdiA	ftsA
sdiA	ftsQ
sdiA	ftsZ
sdiA	gadW
sdiA	rmf
sdiA	rsd
sdiA	ydiV
sgrR	alaC
sgrR	setA
sgrR	sgrR
sgrR	sgrS
sgrR	sgrT
sgrR	sroA
sgrR	thiB
sgrR	thiP
sgrR	thiQ
slyA	cas1
slyA	cas2
slyA	casA
slyA	casB
slyA	casC
slyA	casD
slyA	casE
slyA	fecI
slyA	fecR
slyA	gspC
slyA	gspD
slyA	gspE
slyA	gspF
slyA	gspG
slyA	gspH
slyA	gspI
slyA	gspJ
slyA	gspK
slyA	gspL
slyA	gspM
slyA	gspO
slyA	hlyE
slyA	leuO
slyA	paaA
slyA	paaB
slyA	paaC
slyA	paaD
slyA	paaE
slyA	paaF
slyA	paaG
slyA	paaH
slyA	paaI
slyA	paaJ
slyA	paaK
slyA	pagP
slyA	rmf
slyA	rsd
soxR	aroF
soxR	fumC
soxR	sodA
soxR	soxR
soxR	soxS
soxR	tyrA
soxR	yjcB
soxR	yrbL
soxS	acnA
soxS	acrA
soxS	acrB
soxS	acrZ
soxS	aldA
soxS	decR
soxS	fldA
soxS	fldB
soxS	fpr
soxS	fumC
soxS	fur
soxS	inaA
soxS	marA
soxS	marB
soxS	marR
soxS	micF
soxS	nepI
soxS	nfo
soxS	nfsA
soxS	nfsB
soxS	ompN
soxS	pgi
soxS	poxB
soxS	pqiA
soxS	pqiB
soxS	pqiC
soxS	ptsG
soxS	ribA
soxS	rimK
soxS	rob
soxS	sodA
soxS	soxS
soxS	tolC
soxS	uof
soxS	waaY
soxS	waaZ
soxS	ybjC
soxS	ybjN
soxS	ydbK
soxS	ygiB
soxS	ygiC
soxS	yrbL
soxS	zinT
soxS	zwf
srlR	gutM
srlR	gutQ
srlR	srlA
srlR	srlB
srlR	srlD
srlR	srlE
srlR	srlR
stpA	bglB
stpA	bglF
stpA	bglG
stpA	fau
stpA	leuO
stpA	ssrS
stpA	stpA
sutR	cysE
sutR	fliA
sutR	fliZ
sutR	sutR
sutR	tcyJ
tdcA	tdcA
tdcA	tdcB
tdcA	tdcC
tdcA	tdcD
tdcA	tdcE
tdcA	tdcF
tdcA	tdcG
tdcR	tdcA
tdcR	tdcB
tdcR	tdcC
tdcR	tdcD
tdcR	tdcE
tdcR	tdcF
tdcR	tdcG
torR	gadA
torR	gadX
torR	hdeA
torR	hdeB
torR	tnaA
torR	tnaB
torR	tnaC
torR	torA
torR	torC
torR	torD
torR	torR
torR	yhiD
treR	treB
treR	treC
trpR	aroH
trpR	aroL
trpR	aroM
trpR	mtr
trpR	trpA
trpR	trpB
trpR	trpC
trpR	trpD
trpR	trpE
trpR	trpL
trpR	trpR
trpR	yaiA
tyrR	aroF
tyrR	aroG
tyrR	aroL
tyrR	aroM
tyrR	aroP
tyrR	folA
tyrR	mtr
tyrR	tyrA
tyrR	tyrB
tyrR	tyrP
tyrR	tyrR
tyrR	yaiA
uhpA	uhpT
uidR	uidA
uidR	uidB
uidR	uidC
uidR	uidR
ulaR	ulaA
ulaR	ulaB
ulaR	ulaC
ulaR	ulaD
ulaR	ulaE
ulaR	ulaF
ulaR	ulaG
uvrY	csrB
uvrY	csrC
uvrY	luxS
uvrY	uhpT
uvrY	ydeP
uxuR	exuR
uxuR	gntP
uxuR	lgoR
uxuR	uidA
uxuR	uidB
uxuR	uidC
uxuR	uxuA
uxuR	uxuB
uxuR	uxuR
xapR	xapA
xapR	xapB
xylR	araC
xylR	xylA
xylR	xylB
xylR	xylE
xylR	xylF
xylR	xylG
xylR	xylH
xylR	xylR
ydeO	appA
ydeO	appB
ydeO	appC
ydeO	appX
ydeO	dctR
ydeO	gadE
ydeO	gadF
ydeO	gadW
ydeO	hyaA
ydeO	hyaB
ydeO	hyaC
ydeO	hyaD
ydeO	hyaE
ydeO	hyaF
ydeO	mdtE
ydeO	mdtF
ydeO	safA
ydeO	slp
ydeO	uspD
ydeO	ydeO
ydeO	yiiS
yefM	yefM
yefM	yoeB
yoeB	yefM
yoeB	yoeB
yeiL	yeiL
yhaJ	bssS
yiaJ	lyxK
yiaJ	sgbE
yiaJ	sgbH
yiaJ	sgbU
yiaJ	yiaJ
yiaJ	yiaK
yiaJ	yiaL
yiaJ	yiaM
yiaJ	yiaN
yiaJ	yiaO
yjjQ	dgcN
yjjQ	flhC
yjjQ	flhD
yjjQ	gfcA
yjjQ	ompC
yjjQ	ybhL
yjjQ	yciX
yjjQ	yfiB
yjjQ	yfiR
yjjQ	ymiA
yqhC	dkgA
yqhC	yqhD
zntR	zntA
zraR	zraP
zraR	zraR
zraR	zraS
zur	ykgM
zur	ykgO
zur	zinT
zur	znuA
zur	znuB
zur	znuC
rpoE	ahpF
rpoE	apaG
rpoE	apaH
rpoE	bacA
rpoE	bamA
rpoE	bamB
rpoE	bamC
rpoE	bamD
rpoE	bamE
rpoE	bepA
rpoE	bhsA
rpoE	cca
rpoE	clpX
rpoE	degP
rpoE	der
rpoE	dnaE
rpoE	dsbC
rpoE	ecpR
rpoE	essD
rpoE	fabZ
rpoE	fadM
rpoE	fkpA
rpoE	ftnB
rpoE	fusA
rpoE	greA
rpoE	gspA
rpoE	gspB
rpoE	hcp
rpoE	hcr
rpoE	hokE
rpoE	hpf
rpoE	ibaG
rpoE	insK
rpoE	lgoR
rpoE	lhr
rpoE	lon
rpoE	lptA
rpoE	lptB
rpoE	lptD
rpoE	lpxA
rpoE	lpxB
rpoE	lpxD
rpoE	lpxP
rpoE	lyxK
rpoE	malQ
rpoE	micA
rpoE	micL
rpoE	mscM
rpoE	mzrA
rpoE	narV
rpoE	narW
rpoE	pdxA
rpoE	phoQ
rpoE	plsB
rpoE	prfB
rpoE	psd
rpoE	ptsN
rpoE	rapZ
rpoE	rclA
rpoE	rclB
rpoE	rclC
rpoE	recJ
rpoE	recR
rpoE	rfaD
rpoE	rnhB
rpoE	rnlB
rpoE	rpoD
rpoE	rpoH
rpoE	rpoN
rpoE	rrrD
rpoE	rseA
rpoE	rseB
rpoE	rseC
rpoE	rseP
rpoE	rsmA
rpoE	rutR
rpoE	rybB
rpoE	rzpD
rpoE	sbmA
rpoE	sgbE
rpoE	sgbH
rpoE	sgbU
rpoE	skp
rpoE	surA
rpoE	tufA
rpoE	uspD
rpoE	waaC
rpoE	waaF
rpoE	waaL
rpoE	wza
rpoE	wzb
rpoE	wzc
rpoE	yaiW
rpoE	ybaB
rpoE	ybfG
rpoE	ydhI
rpoE	ydhJ
rpoE	ydhK
rpoE	ydiV
rpoE	yeaY
rpoE	yfeK
rpoE	yfeS
rpoE	yfeX
rpoE	yfeY
rpoE	yfgD
rpoE	yggN
rpoE	yghF
rpoE	ygiM
rpoE	yhjJ
rpoE	yiaK
rpoE	yiaL
rpoE	yiaM
rpoE	yiaN
rpoE	yiaO
rpoE	yicI
rpoE	yicJ
rpoE	yidQ
rpoE	yieE
rpoE	yieF
rpoE	yiiS
rpoE	yoaC
rpoE	yqjA
rpoE	yraP
rpoE	ytfJ
rpoE	eptB
rpoD	eptB
rpoE	cyaR
rpoD	cyaR
rpoS	cyaR
fliA	aer
fliA	cheA
fliA	cheB
fliA	cheR
fliA	cheW
fliA	cheY
fliA	cheZ
fliA	crfC
fliA	flgK
fliA	flgL
fliA	flgM
fliA	flgN
fliA	fliA
fliA	fliC
fliA	fliD
fliA	fliE
fliA	fliF
fliA	fliG
fliA	fliH
fliA	fliI
fliA	fliJ
fliA	fliK
fliA	fliL
fliA	fliM
fliA	fliN
fliA	fliO
fliA	fliP
fliA	fliQ
fliA	fliR
fliA	fliS
fliA	fliT
fliA	fliZ
fliA	flxA
fliA	hemL
fliA	ispE
fliA	lolB
fliA	modA
fliA	modB
fliA	modC
fliA	motA
fliA	motB
fliA	oppA
fliA	oppB
fliA	oppC
fliA	oppD
fliA	oppF
fliA	pdeH
fliA	ppdA
fliA	ppdB
fliA	ppdC
fliA	prs
fliA	recC
fliA	tap
fliA	tar
fliA	tcyJ
fliA	trg
fliA	tsr
fliA	ves
fliA	yafW
fliA	yafX
fliA	ycgR
fliA	yecF
fliA	ygbK
fliA	ygdB
fliA	yhiL
fliA	yjcS
fliA	yjcZ
fliA	ykfB
fliA	ykfF
fliA	ykfG
fliA	ykfH
fliA	ykfI
fliA	ynjH
rpoH	ackA
rpoH	adiC
rpoH	alaA
rpoH	bssS
rpoH	cas1
rpoH	cas2
rpoH	casD
rpoH	casE
rpoH	clpP
rpoH	clpX
rpoH	cnoX
rpoH	cra
rpoH	creA
rpoH	creB
rpoH	creC
rpoH	crr
rpoH	dnaJ
rpoH	dnaK
rpoH	fkpB
rpoH	ftsH
rpoH	fxsA
rpoH	gapA
rpoH	grpE
rpoH	hemW
rpoH	hflC
rpoH	hflK
rpoH	hflX
rpoH	hfq
rpoH	holC
rpoH	hslO
rpoH	hslR
rpoH	hslU
rpoH	hslV
rpoH	hspQ
rpoH	htpG
rpoH	htpX
rpoH	ibpA
rpoH	ibpB
rpoH	ileS
rpoH	ispH
rpoH	ldhA
rpoH	lnt
rpoH	lspA
rpoH	mbiA
rpoH	metA
rpoH	mhpT
rpoH	miaA
rpoH	mngA
rpoH	mngB
rpoH	mpaA
rpoH	mutL
rpoH	mutM
rpoH	narP
rpoH	nfuA
rpoH	nusB
rpoH	osmF
rpoH	pgpA
rpoH	pgpC
rpoH	phoP
rpoH	phoQ
rpoH	pncC
rpoH	pphA
rpoH	ppiD
rpoH	prlC
rpoH	ptsH
rpoH	ptsI
rpoH	raiA
rpoH	rdgB
rpoH	rfaD
rpoH	ribE
rpoH	rlmE
rpoH	rnlA
rpoH	rpmE
rpoH	rpoD
rpoH	rsmJ
rpoH	sdaA
rpoH	sdsR
rpoH	slt
rpoH	tadA
rpoH	thiL
rpoH	topA
rpoH	tpke11
rpoH	trmA
rpoH	tyrR
rpoH	valS
rpoH	waaC
rpoH	waaF
rpoH	waaL
rpoH	yafD
rpoH	yafE
rpoH	yafU
rpoH	ybeX
rpoH	ybeY
rpoH	ybeZ
rpoH	ybfE
rpoH	yccE
rpoH	ycjF
rpoH	ycjX
rpoH	ycjY
rpoH	ydeO
rpoH	ydhQ
rpoH	yeaD
rpoH	yehR
rpoH	yehW
rpoH	yehX
rpoH	yehY
rpoH	yfbR
rpoH	yfjV
rpoH	yhdN
rpoH	yiaA
rpoH	yibA
rpoH	yjaZ
rpoH	yjhB
rpoH	yjhC
rpoH	yjhG
rpoH	yjhH
rpoH	yjhI
rpoH	yjiT
rpoH	ymjC
rpoH	ymjD
rpoH	yrdA
rpoH	yrfG
rpoH	zntR
rpoH	alaT
rpoD	alaT
rpoH	alaU
rpoD	alaU
rpoH	alaV
rpoD	alaV
rpoH	can
rpoD	can
rpoH	clpB
rpoD	clpB
rpoD	crr
rpoH	dsbC
rpoD	dsbC
rpoH	glnS
rpoD	glnS
rpoH	gltT
rpoD	gltT
rpoH	gltU
rpoD	gltU
rpoH	gltV
rpoD	gltV
rpoH	gltW
rpoD	gltW
rpoH	groL
rpoD	groL
rpoH	groS
rpoD	groS
rpoH	ileT
rpoD	ileT
rpoH	ileU
rpoD	ileU
rpoH	ileV
rpoD	ileV
rpoH	lapA
rpoD	lapA
rpoH	lapB
rpoD	lapB
rpoH	lipB
rpoD	lipB
rpoH	lon
rpoD	lon
rpoD	ptsH
rpoD	ptsI
rpoH	pyrF
rpoD	pyrF
rpoH	rapA
rpoD	rapA
rpoH	recJ
rpoD	recJ
rpoH	rrfA
rpoD	rrfA
rpoH	rrfB
rpoD	rrfB
rpoH	rrfC
rpoD	rrfC
rpoH	rrfD
rpoD	rrfD
rpoH	rrfE
rpoD	rrfE
rpoH	rrfF
rpoD	rrfF
rpoH	rrfG
rpoD	rrfG
rpoH	rrfH
rpoD	rrfH
rpoH	rrlA
rpoD	rrlA
rpoH	rrlB
rpoD	rrlB
rpoH	rrlC
rpoD	rrlC
rpoH	rrlD
rpoD	rrlD
rpoH	rrlE
rpoD	rrlE
rpoH	rrlG
rpoD	rrlG
rpoH	rrlH
rpoD	rrlH
rpoH	rrsA
rpoD	rrsA
rpoH	rrsB
rpoD	rrsB
rpoH	rrsC
rpoD	rrsC
rpoH	rrsD
rpoD	rrsD
rpoH	rrsE
rpoD	rrsE
rpoH	rrsG
rpoD	rrsG
rpoH	rrsH
rpoD	rrsH
rpoH	thrV
rpoD	thrV
rpoH	xerD
rpoD	xerD
rpoH	ybeD
rpoD	ybeD
rpoH	yceI
rpoD	yceI
rpoH	yceJ
rpoD	yceJ
rpoH	yciH
rpoD	yciH
rpoS	adhE
rpoS	aldB
rpoS	ansP
rpoS	appY
rpoS	araF
rpoS	araG
rpoS	araH
rpoS	artI
rpoS	artM
rpoS	artP
rpoS	artQ
rpoS	astA
rpoS	astB
rpoS	astC
rpoS	astD
rpoS	astE
rpoS	baeR
rpoS	baeS
rpoS	blc
rpoS	blr
rpoS	bsmA
rpoS	btsT
rpoS	cbpA
rpoS	cbpM
rpoS	cfa
rpoS	crr
rpoS	csrA
rpoS	ddpA
rpoS	ddpB
rpoS	ddpC
rpoS	ddpD
rpoS	ddpF
rpoS	ddpX
rpoS	dgcC
rpoS	dhaK
rpoS	dhaL
rpoS	dhaM
rpoS	dhaR
rpoS	dkgA
rpoS	dkgB
rpoS	ecnB
rpoS	elaB
rpoS	envC
rpoS	evgA
rpoS	evgS
rpoS	fadL
rpoS	fbaB
rpoS	fic
rpoS	folK
rpoS	ftsQ
rpoS	fumC
rpoS	gabD
rpoS	gabP
rpoS	gabT
rpoS	gadE
rpoS	gadF
rpoS	gadW
rpoS	gadX
rpoS	gadY
rpoS	glaH
rpoS	glgA
rpoS	glgC
rpoS	glgP
rpoS	glgS
rpoS	glsA
rpoS	gpmM
rpoS	hchA
rpoS	hdfR
rpoS	hmp
rpoS	hofM
rpoS	hofN
rpoS	hofO
rpoS	hofP
rpoS	htrE
rpoS	ihfA
rpoS	insC-5
rpoS	insCD-5
rpoS	insD-5
rpoS	insI-1
rpoS	insN
rpoS	katE
rpoS	kbp
rpoS	ldcC
rpoS	lhgD
rpoS	lsrA
rpoS	lsrB
rpoS	lsrC
rpoS	lsrD
rpoS	lsrF
rpoS	lsrG
rpoS	luxS
rpoS	mdtA
rpoS	mdtB
rpoS	mdtC
rpoS	mdtD
rpoS	mdtE
rpoS	mdtF
rpoS	msyB
rpoS	mutS
rpoS	narU
rpoS	nhaA
rpoS	nhaR
rpoS	ompN
rpoS	osmB
rpoS	osmC
rpoS	osmF
rpoS	otsA
rpoS	otsB
rpoS	pabA
rpoS	patD
rpoS	pcnB
rpoS	pdeC
rpoS	pdeR
rpoS	pfkB
rpoS	phr
rpoS	pphA
rpoS	ppk
rpoS	ppx
rpoS	proP
rpoS	puuA
rpoS	puuB
rpoS	puuC
rpoS	puuD
rpoS	puuE
rpoS	puuP
rpoS	puuR
rpoS	ravA
rpoS	rpoE
rpoS	rraA
rpoS	rsd
rpoS	rseA
rpoS	rseB
rpoS	rseC
rpoS	rseD
rpoS	rssA
rpoS	rssB
rpoS	ryjA
rpoS	sdsN
rpoS	sdsR
rpoS	sodC
rpoS	speB
rpoS	speC
rpoS	speG
rpoS	sra
rpoS	sucA
rpoS	sucB
rpoS	sucC
rpoS	sucD
rpoS	talA
rpoS	tam
rpoS	tktB
rpoS	tolC
rpoS	treA
rpoS	treF
rpoS	uspB
rpoS	viaA
rpoS	wrbA
rpoS	xthA
rpoS	yabI
rpoS	yadV
rpoS	ybaT
rpoS	ybgA
rpoS	ybiI
rpoS	ybjP
rpoS	yccJ
rpoS	yciE
rpoS	yciF
rpoS	yciG
rpoS	yciT
rpoS	yciZ
rpoS	ydbD
rpoS	ydbK
rpoS	ydcS
rpoS	ydcT
rpoS	ydcU
rpoS	ydcV
rpoS	yddG
rpoS	ydhT
rpoS	ydhU
rpoS	ydhV
rpoS	ydhW
rpoS	ydhX
rpoS	ydhY
rpoS	yehW
rpoS	yehX
rpoS	yehY
rpoS	yeiL
rpoS	yffO
rpoS	yffP
rpoS	yggE
rpoS	ygiB
rpoS	ygiC
rpoS	yhfG
rpoS	yhiM
rpoS	yhjG
rpoS	yiaG
rpoS	yibQ
rpoS	yihG
rpoS	ymjE
rpoS	ynfB
rpoS	yqiG
rpoS	yqiH
rpoS	yqiI
rpoS	ytfK
rpoS	znuA
rpoS	csgD
rpoD	csgD
rpoS	csgE
rpoD	csgE
rpoS	csgF
rpoD	csgF
rpoS	csgG
rpoD	csgG
rpoS	patA
rpoN	patA
rpoS	acnA
rpoD	acnA
rpoS	ada
rpoD	ada
rpoD	adhE
rpoS	alkA
rpoD	alkA
rpoS	alkB
rpoD	alkB
rpoS	ariR
rpoD	ariR
rpoS	asr
rpoD	asr
rpoS	bolA
rpoD	bolA
rpoD	cfa
rpoS	cpxA
rpoD	cpxA
rpoS	cpxR
rpoD	cpxR
rpoS	dnaN
rpoD	dnaN
rpoS	fau
rpoD	fau
rpoS	ftsA
rpoD	ftsA
rpoD	ftsQ
rpoS	ftsZ
rpoD	ftsZ
rpoS	gltB
rpoD	gltB
rpoS	gltD
rpoD	gltD
rpoS	gltF
rpoD	gltF
rpoS	hdeD
rpoD	hdeD
rpoS	idlP
rpoD	idlP
rpoS	ihfB
rpoD	ihfB
rpoS	iraD
rpoD	iraD
rpoS	metK
rpoD	metK
rpoS	micF
rpoD	micF
rpoS	mnmG
rpoD	mnmG
rpoS	mpl
rpoD	mpl
rpoS	ompF
rpoD	ompF
rpoS	oxyR
rpoD	oxyR
rpoS	poxB
rpoD	poxB
rpoS	pykF
rpoD	pykF
rpoS	recF
rpoD	recF
rpoS	rsmG
rpoD	rsmG
rpoS	ssrS
rpoD	ssrS
rpoS	ycgZ
rpoD	ycgZ
rpoS	ymgA
rpoD	ymgA
rpoS	ymgC
rpoD	ymgC
rpoS	ymiC
rpoD	ymiC
rpoS	csgA
rpoD	csgA
rpoS	csgB
rpoD	csgB
rpoS	csgC
rpoD	csgC
rpoS	gadA
rpoD	gadA
rpoS	gadB
rpoD	gadB
rpoS	gadC
rpoD	gadC
rpoD	gadX
rpoS	hdeA
rpoD	hdeA
rpoS	hdeB
rpoD	hdeB
rpoS	yhiD
rpoD	yhiD
rpoN	acrD
rpoN	actP
rpoN	amtB
rpoN	argT
rpoN	aslB
rpoN	astA
rpoN	astB
rpoN	astC
rpoN	astD
rpoN	astE
rpoN	atoA
rpoN	atoB
rpoN	atoD
rpoN	atoE
rpoN	chaC
rpoN	dcuD
rpoN	ddpA
rpoN	ddpB
rpoN	ddpC
rpoN	ddpD
rpoN	ddpF
rpoN	ddpX
rpoN	emrD
rpoN	fdhF
rpoN	fhlA
rpoN	flhC
rpoN	flhD
rpoN	focB
rpoN	glmY
rpoN	glnA
rpoN	glnG
rpoN	glnH
rpoN	glnK
rpoN	glnL
rpoN	glnP
rpoN	glnQ
rpoN	glpQ
rpoN	gltI
rpoN	gltJ
rpoN	gltK
rpoN	gltL
rpoN	gnsA
rpoN	hisJ
rpoN	hisM
rpoN	hisP
rpoN	hisQ
rpoN	htpG
rpoN	hycA
rpoN	hycB
rpoN	hycC
rpoN	hycD
rpoN	hycE
rpoN	hycF
rpoN	hycG
rpoN	hycH
rpoN	hycI
rpoN	hydN
rpoN	hyfA
rpoN	hyfB
rpoN	hyfC
rpoN	hyfD
rpoN	hyfE
rpoN	hyfF
rpoN	hyfG
rpoN	hyfH
rpoN	hyfI
rpoN	hyfJ
rpoN	hyfR
rpoN	hypA
rpoN	hypB
rpoN	hypC
rpoN	hypD
rpoN	hypE
rpoN	hypF
rpoN	ibpB
rpoN	nac
rpoN	nikA
rpoN	nikB
rpoN	nikC
rpoN	nikD
rpoN	nikE
rpoN	nikR
rpoN	norV
rpoN	norW
rpoN	potF
rpoN	potG
rpoN	potH
rpoN	potI
rpoN	prpB
rpoN	prpC
rpoN	prpD
rpoN	prpE
rpoN	pspA
rpoN	pspB
rpoN	pspC
rpoN	pspD
rpoN	pspE
rpoN	pspG
rpoN	puuP
rpoN	radD
rpoN	relA
rpoN	rhaD
rpoN	rpoH
rpoN	rtcA
rpoN	rtcB
rpoN	rtcR
rpoN	rutA
rpoN	rutB
rpoN	rutC
rpoN	rutD
rpoN	rutE
rpoN	rutF
rpoN	rutG
rpoN	sroC
rpoN	ssnA
rpoN	xapB
rpoN	xdhA
rpoN	xdhB
rpoN	xdhC
rpoN	yaaU
rpoN	yahE
rpoN	yeaG
rpoN	yeaH
rpoN	ygfK
rpoN	yhdW
rpoN	yhdX
rpoN	yhdY
rpoN	yhdZ
rpoN	yhjC
rpoN	ymjE
rpoN	zraP
rpoN	zraR
rpoN	zraS
rpoD	3'ETS<sup><i>leuZ</i></sup>
rpoD	accA
rpoD	accB
rpoD	accC
rpoD	accD
rpoD	aceA
rpoD	aceB
rpoD	aceK
rpoD	acnB
rpoD	acpP
rpoD	acpS
rpoD	acrA
rpoD	acrB
rpoD	acrD
rpoD	acrE
rpoD	acrF
rpoD	acrR
rpoD	acrZ
rpoD	acs
rpoD	actP
rpoD	add
rpoD	adeD
rpoD	adiA
rpoD	agaA
rpoD	agaB
rpoD	agaC
rpoD	agaD
rpoD	agaI
rpoD	agaR
rpoD	agaS
rpoD	agaV
rpoD	agaW
rpoD	ahpC
rpoD	ahpF
rpoD	alaC
rpoD	alaE
rpoD	alaW
rpoD	alaX
rpoD	aldA
rpoD	allB
rpoD	allC
rpoD	allD
rpoD	allE
rpoD	alsA
rpoD	alsB
rpoD	alsC
rpoD	alsE
rpoD	alsR
rpoD	amiA
rpoD	amiB
rpoD	ampC
rpoD	ampG
rpoD	amyA
rpoD	ansB
rpoD	appY
rpoD	apt
rpoD	araA
rpoD	araB
rpoD	araC
rpoD	araD
rpoD	araE
rpoD	araJ
rpoD	arcA
rpoD	arfA
rpoD	argA
rpoD	argB
rpoD	argC
rpoD	argD
rpoD	argE
rpoD	argF
rpoD	argG
rpoD	argH
rpoD	argI
rpoD	argO
rpoD	argQ
rpoD	argR
rpoD	argS
rpoD	argU
rpoD	argV
rpoD	argW
rpoD	argX
rpoD	argY
rpoD	argZ
rpoD	aroA
rpoD	aroB
rpoD	aroD
rpoD	aroF
rpoD	aroG
rpoD	aroH
rpoD	aroK
rpoD	aroL
rpoD	aroM
rpoD	aroP
rpoD	arsB
rpoD	arsC
rpoD	arsR
rpoD	artI
rpoD	artJ
rpoD	artM
rpoD	artP
rpoD	artQ
rpoD	ascB
rpoD	ascF
rpoD	asnA
rpoD	asnC
rpoD	asnT
rpoD	asnU
rpoD	asnV
rpoD	aspA
rpoD	aspV
rpoD	astA
rpoD	astB
rpoD	astC
rpoD	astD
rpoD	astE
rpoD	atpA
rpoD	atpB
rpoD	atpC
rpoD	atpD
rpoD	atpE
rpoD	atpF
rpoD	atpG
rpoD	atpH
rpoD	atpI
rpoD	azoR
rpoD	azuC
rpoD	bamC
rpoD	bcp
rpoD	bcsB
rpoD	bcsE
rpoD	bcsF
rpoD	bcsG
rpoD	bcsZ
rpoD	bdcA
rpoD	betA
rpoD	betB
rpoD	betI
rpoD	betT
rpoD	bglJ
rpoD	bglX
rpoD	bhsA
rpoD	bioA
rpoD	bioB
rpoD	bioC
rpoD	bioD
rpoD	bioF
rpoD	bluF
rpoD	bluR
rpoD	bssS
rpoD	btuB
rpoD	btuD
rpoD	btuE
rpoD	cadA
rpoD	cadB
rpoD	cadC
rpoD	caiA
rpoD	caiB
rpoD	caiC
rpoD	caiD
rpoD	caiE
rpoD	caiF
rpoD	caiT
rpoD	carA
rpoD	carB
rpoD	cas1
rpoD	cas2
rpoD	casA
rpoD	casB
rpoD	casC
rpoD	casD
rpoD	casE
rpoD	cbl
rpoD	cbpA
rpoD	cbpM
rpoD	ccmA
rpoD	ccmB
rpoD	ccmC
rpoD	ccmD
rpoD	ccmE
rpoD	ccmF
rpoD	ccmG
rpoD	ccmH
rpoD	ccp
rpoD	cdd
rpoD	cecR
rpoD	cedA
rpoD	chiA
rpoD	chiX
rpoD	cho
rpoD	chpB
rpoD	chpS
rpoD	cirA
rpoD	clpA
rpoD	clpP
rpoD	clpX
rpoD	cmk
rpoD	cmoM
rpoD	coaD
rpoD	cobS
rpoD	cobT
rpoD	cobU
rpoD	codA
rpoD	codB
rpoD	copA
rpoD	corA
rpoD	cpdB
rpoD	cpxP
rpoD	cpxQ
rpoD	creA
rpoD	creB
rpoD	creC
rpoD	creD
rpoD	crp
rpoD	cspA
rpoD	cspC
rpoD	cspD
rpoD	cspE
rpoD	csqR
rpoD	csrA
rpoD	csrB
rpoD	cstA
rpoD	cusA
rpoD	cusB
rpoD	cusC
rpoD	cusF
rpoD	cusR
rpoD	cusS
rpoD	cutA
rpoD	cvpA
rpoD	cyaA
rpoD	cydA
rpoD	cydB
rpoD	cydC
rpoD	cydD
rpoD	cynR
rpoD	cynS
rpoD	cynT
rpoD	cynX
rpoD	cyoA
rpoD	cyoB
rpoD	cyoC
rpoD	cyoD
rpoD	cyoE
rpoD	cysA
rpoD	cysB
rpoD	cysC
rpoD	cysD
rpoD	cysG
rpoD	cysH
rpoD	cysI
rpoD	cysJ
rpoD	cysK
rpoD	cysM
rpoD	cysN
rpoD	cysP
rpoD	cysT
rpoD	cysU
rpoD	cysW
rpoD	cytR
rpoD	dacC
rpoD	dadA
rpoD	dadX
rpoD	dam
rpoD	damX
rpoD	dapA
rpoD	dapB
rpoD	dapD
rpoD	dapE
rpoD	dapF
rpoD	dctA
rpoD	dctR
rpoD	dcuA
rpoD	dcuB
rpoD	dcuD
rpoD	dcuR
rpoD	dcuS
rpoD	ddlB
rpoD	deaD
rpoD	decR
rpoD	def
rpoD	degQ
rpoD	degS
rpoD	deoA
rpoD	deoB
rpoD	deoC
rpoD	deoD
rpoD	dgcN
rpoD	dgcT
rpoD	dgcZ
rpoD	dgoA
rpoD	dgoD
rpoD	dgoK
rpoD	dgoR
rpoD	dgoT
rpoD	dicB
rpoD	dicC
rpoD	dinF
rpoD	dinG
rpoD	dinI
rpoD	dinJ
rpoD	dinQ
rpoD	dkgA
rpoD	dksA
rpoD	dmsA
rpoD	dmsB
rpoD	dmsC
rpoD	dnaA
rpoD	dnaG
rpoD	dppA
rpoD	dppB
rpoD	dppC
rpoD	dppD
rpoD	dppF
rpoD	dsbA
rpoD	dsdA
rpoD	dsdC
rpoD	dsdX
rpoD	dsrA
rpoD	dtpA
rpoD	dusB
rpoD	dut
rpoD	dxs
rpoD	ebgA
rpoD	ebgC
rpoD	ecpA
rpoD	eda
rpoD	edd
rpoD	efeU
rpoD	efp
rpoD	emrA
rpoD	emrB
rpoD	entA
rpoD	entB
rpoD	entC
rpoD	entD
rpoD	entE
rpoD	entF
rpoD	entH
rpoD	entS
rpoD	envZ
rpoD	era
rpoD	esrE
rpoD	evgA
rpoD	evgS
rpoD	exbB
rpoD	exbD
rpoD	exuR
rpoD	fabA
rpoD	fabB
rpoD	fabD
rpoD	fabF
rpoD	fabG
rpoD	fabH
rpoD	fadA
rpoD	fadB
rpoD	fadD
rpoD	fadI
rpoD	fadJ
rpoD	fadR
rpoD	fbaA
rpoD	fdnG
rpoD	fdnH
rpoD	fdnI
rpoD	fdx
rpoD	feaB
rpoD	feaR
rpoD	fecI
rpoD	fecR
rpoD	feoA
rpoD	feoB
rpoD	feoC
rpoD	fepA
rpoD	fepB
rpoD	fepC
rpoD	fepD
rpoD	fepE
rpoD	fepG
rpoD	fes
rpoD	fhuA
rpoD	fhuB
rpoD	fhuC
rpoD	fhuD
rpoD	fhuF
rpoD	fimA
rpoD	fimB
rpoD	fimC
rpoD	fimD
rpoD	fimE
rpoD	fimF
rpoD	fimG
rpoD	fimH
rpoD	fimI
rpoD	fis
rpoD	fiu
rpoD	fixA
rpoD	fixB
rpoD	fixC
rpoD	fixX
rpoD	fkpB
rpoD	fldB
rpoD	flgA
rpoD	flgB
rpoD	flgC
rpoD	flgD
rpoD	flgE
rpoD	flgF
rpoD	flgG
rpoD	flgH
rpoD	flgI
rpoD	flgJ
rpoD	flgM
rpoD	flgN
rpoD	flhA
rpoD	flhB
rpoD	flhC
rpoD	flhD
rpoD	flhE
rpoD	fliA
rpoD	fliD
rpoD	fliE
rpoD	fliF
rpoD	fliG
rpoD	fliH
rpoD	fliI
rpoD	fliJ
rpoD	fliK
rpoD	fliL
rpoD	fliM
rpoD	fliN
rpoD	fliO
rpoD	fliP
rpoD	fliQ
rpoD	fliR
rpoD	fliS
rpoD	fliT
rpoD	fliZ
rpoD	flu
rpoD	fmt
rpoD	fnr
rpoD	fnrS
rpoD	focA
rpoD	folA
rpoD	folE
rpoD	folK
rpoD	fpr
rpoD	frc
rpoD	frlR
rpoD	frr
rpoD	frsA
rpoD	fruA
rpoD	fruB
rpoD	fruK
rpoD	ftnA
rpoD	ftnB
rpoD	ftsH
rpoD	ftsI
rpoD	ftsK
rpoD	ftsL
rpoD	ftsW
rpoD	fucA
rpoD	fucI
rpoD	fucK
rpoD	fucO
rpoD	fucP
rpoD	fucR
rpoD	fucU
rpoD	fumA
rpoD	fumB
rpoD	fumC
rpoD	fur
rpoD	gadE
rpoD	gadF
rpoD	galE
rpoD	galK
rpoD	galM
rpoD	galP
rpoD	galR
rpoD	galS
rpoD	galT
rpoD	gapA
rpoD	garK
rpoD	garL
rpoD	garP
rpoD	garR
rpoD	gatA
rpoD	gatB
rpoD	gatC
rpoD	gatD
rpoD	gatY
rpoD	gatZ
rpoD	gcd
rpoD	gcl
rpoD	gcvA
rpoD	gcvB
rpoD	gcvH
rpoD	gcvP
rpoD	gcvR
rpoD	gcvT
rpoD	gdhA
rpoD	gfcA
rpoD	glcA
rpoD	glcB
rpoD	glcC
rpoD	glcD
rpoD	glcE
rpoD	glcF
rpoD	glcG
rpoD	glgA
rpoD	glgB
rpoD	glgC
rpoD	glgP
rpoD	glgX
rpoD	glmS
rpoD	glmU
rpoD	glmY
rpoD	glmZ
rpoD	glnA
rpoD	glnB
rpoD	glnG
rpoD	glnL
rpoD	glnQ
rpoD	glnU
rpoD	glnV
rpoD	glnW
rpoD	glnX
rpoD	gloA
rpoD	glpA
rpoD	glpB
rpoD	glpC
rpoD	glpD
rpoD	glpF
rpoD	glpK
rpoD	glpQ
rpoD	glpT
rpoD	glpX
rpoD	glrK
rpoD	gltA
rpoD	gltI
rpoD	gltJ
rpoD	gltK
rpoD	gltL
rpoD	gltX
rpoD	gluQ
rpoD	glxK
rpoD	glxR
rpoD	glyA
rpoD	glyQ
rpoD	glyS
rpoD	glyT
rpoD	glyU
rpoD	glyV
rpoD	glyW
rpoD	glyX
rpoD	glyY
rpoD	gmk
rpoD	gnd
rpoD	gnsA
rpoD	gntK
rpoD	gntP
rpoD	gntR
rpoD	gntT
rpoD	gntU
rpoD	gph
rpoD	gpsA
rpoD	gpt
rpoD	grcA
rpoD	greA
rpoD	grxB
rpoD	grxC
rpoD	grxD
rpoD	gspA
rpoD	gspB
rpoD	gspC
rpoD	gspD
rpoD	gspE
rpoD	gspF
rpoD	gspG
rpoD	gspH
rpoD	gspI
rpoD	gspJ
rpoD	gspK
rpoD	gspL
rpoD	gspM
rpoD	gspO
rpoD	guaA
rpoD	guaB
rpoD	gutM
rpoD	gutQ
rpoD	gyrA
rpoD	hchA
rpoD	hemA
rpoD	hemB
rpoD	hemF
rpoD	hemH
rpoD	hemN
rpoD	hflC
rpoD	hflD
rpoD	hflK
rpoD	hflX
rpoD	hfq
rpoD	hha
rpoD	hicA
rpoD	hicB
rpoD	higA
rpoD	higB
rpoD	hipA
rpoD	hipB
rpoD	hisA
rpoD	hisB
rpoD	hisF
rpoD	hisH
rpoD	hisI
rpoD	hisJ
rpoD	hisM
rpoD	hisP
rpoD	hisQ
rpoD	hisR
rpoD	hisS
rpoD	hiuH
rpoD	hns
rpoD	hofB
rpoD	hofC
rpoD	hokD
rpoD	hpf
rpoD	hpt
rpoD	hscA
rpoD	hscB
rpoD	hslJ
rpoD	htrE
rpoD	hupB
rpoD	hybA
rpoD	hybB
rpoD	hybC
rpoD	hybD
rpoD	hybE
rpoD	hybF
rpoD	hybG
rpoD	hybO
rpoD	hyi
rpoD	hypF
rpoD	icd
rpoD	idnK
rpoD	idnR
rpoD	ileS
rpoD	ileX
rpoD	ilvA
rpoD	ilvB
rpoD	ilvC
rpoD	ilvD
rpoD	ilvE
rpoD	ilvG
rpoD	ilvH
rpoD	ilvI
rpoD	ilvL
rpoD	ilvM
rpoD	ilvN
rpoD	ilvX
rpoD	inaA
rpoD	infA
rpoD	infB
rpoD	infC
rpoD	insD-7
rpoD	intQ
rpoD	intS
rpoD	iraM
rpoD	iraP
rpoD	iscA
rpoD	iscR
rpoD	iscS
rpoD	iscU
rpoD	iscX
rpoD	ispA
rpoD	ispH
rpoD	isrC
rpoD	istR
rpoD	ivbL
rpoD	katG
rpoD	kbaY
rpoD	kbaZ
rpoD	kbl
rpoD	kdpA
rpoD	kdpB
rpoD	kdpC
rpoD	kdpF
rpoD	kdsA
rpoD	kdsB
rpoD	kdsC
rpoD	kdsD
rpoD	lacA
rpoD	lacI
rpoD	lacY
rpoD	lacZ
rpoD	lamB
rpoD	ldtC
rpoD	leuA
rpoD	leuB
rpoD	leuC
rpoD	leuD
rpoD	leuL
rpoD	leuO
rpoD	leuP
rpoD	leuQ
rpoD	leuT
rpoD	leuU
rpoD	leuV
rpoD	leuW
rpoD	leuX
rpoD	leuZ
rpoD	lexA
rpoD	lgt
rpoD	livF
rpoD	livG
rpoD	livH
rpoD	livJ
rpoD	livK
rpoD	livM
rpoD	lldD
rpoD	lldP
rpoD	lldR
rpoD	loiP
rpoD	lolA
rpoD	lpd
rpoD	lptA
rpoD	lptB
rpoD	lptC
rpoD	lptD
rpoD	lpxC
rpoD	lpxT
rpoD	lrp
rpoD	lspA
rpoD	lsrK
rpoD	lsrR
rpoD	lysA
rpoD	lysC
rpoD	lysO
rpoD	lysP
rpoD	lysR
rpoD	lysT
rpoD	lysU
rpoD	lysV
rpoD	lysW
rpoD	lyxK
rpoD	malE
rpoD	malF
rpoD	malG
rpoD	malI
rpoD	malK
rpoD	malM
rpoD	malP
rpoD	malQ
rpoD	malS
rpoD	malT
rpoD	malX
rpoD	malY
rpoD	manA
rpoD	manX
rpoD	manY
rpoD	manZ
rpoD	marA
rpoD	marB
rpoD	marR
rpoD	mazE
rpoD	mazF
rpoD	mcbA
rpoD	mdh
rpoD	mdtE
rpoD	mdtF
rpoD	mdtI
rpoD	mdtJ
rpoD	melA
rpoD	melB
rpoD	melR
rpoD	menA
rpoD	mepH
rpoD	metA
rpoD	metB
rpoD	metC
rpoD	metF
rpoD	metG
rpoD	metH
rpoD	metI
rpoD	metJ
rpoD	metL
rpoD	metN
rpoD	metQ
rpoD	metT
rpoD	metU
rpoD	metV
rpoD	metW
rpoD	metY
rpoD	metZ
rpoD	mfd
rpoD	mglA
rpoD	mglC
rpoD	mgrR
rpoD	mgtA
rpoD	mgtL
rpoD	mgtS
rpoD	mhpA
rpoD	mhpB
rpoD	mhpC
rpoD	mhpD
rpoD	mhpE
rpoD	mhpF
rpoD	mhpR
rpoD	miaA
rpoD	micC
rpoD	mioC
rpoD	mlc
rpoD	mltF
rpoD	mngB
rpoD	mngR
rpoD	mntP
rpoD	mntS
rpoD	modA
rpoD	modB
rpoD	modC
rpoD	moeA
rpoD	moeB
rpoD	mprA
rpoD	mqsA
rpoD	mqsR
rpoD	mraY
rpoD	mraZ
rpoD	mreB
rpoD	mreC
rpoD	mreD
rpoD	mrp
rpoD	msrB
rpoD	mtlA
rpoD	mtlD
rpoD	mtlR
rpoD	mtr
rpoD	mukB
rpoD	mukE
rpoD	mukF
rpoD	murC
rpoD	murD
rpoD	murE
rpoD	murF
rpoD	murG
rpoD	murI
rpoD	murP
rpoD	murQ
rpoD	mutL
rpoD	mzrA
rpoD	nadB
rpoD	nadE
rpoD	nagA
rpoD	nagB
rpoD	nagC
rpoD	nagE
rpoD	nanA
rpoD	nanE
rpoD	nanK
rpoD	nanT
rpoD	napA
rpoD	napB
rpoD	napC
rpoD	napD
rpoD	napF
rpoD	napG
rpoD	napH
rpoD	narG
rpoD	narH
rpoD	narI
rpoD	narJ
rpoD	narK
rpoD	narL
rpoD	narU
rpoD	narX
rpoD	ndh
rpoD	nei
rpoD	nemA
rpoD	nemR
rpoD	nfeF
rpoD	nfo
rpoD	nfsA
rpoD	nfsB
rpoD	nfuA
rpoD	nhaA
rpoD	nhaR
rpoD	nirB
rpoD	nirC
rpoD	nirD
rpoD	nlpD
rpoD	nnr
rpoD	nohA
rpoD	npr
rpoD	nrdA
rpoD	nrdB
rpoD	nrdD
rpoD	nrdE
rpoD	nrdF
rpoD	nrdG
rpoD	nrdH
rpoD	nrdI
rpoD	nrdR
rpoD	nrfA
rpoD	nrfB
rpoD	nrfC
rpoD	nrfD
rpoD	nrfE
rpoD	nrfF
rpoD	nrfG
rpoD	nudB
rpoD	nuoA
rpoD	nuoB
rpoD	nuoC
rpoD	nuoE
rpoD	nuoF
rpoD	nuoG
rpoD	nuoH
rpoD	nuoI
rpoD	nuoJ
rpoD	nuoK
rpoD	nuoL
rpoD	nuoM
rpoD	nuoN
rpoD	nupC
rpoD	nupG
rpoD	nusA
rpoD	nusB
rpoD	obgE
rpoD	ohsC
rpoD	ompA
rpoD	ompC
rpoD	ompN
rpoD	ompR
rpoD	ompX
rpoD	opgG
rpoD	opgH
rpoD	osmC
rpoD	oxc
rpoD	oxyS
rpoD	paaA
rpoD	paaB
rpoD	paaC
rpoD	paaD
rpoD	paaE
rpoD	paaF
rpoD	paaG
rpoD	paaH
rpoD	paaI
rpoD	paaJ
rpoD	paaK
rpoD	paaX
rpoD	paaY
rpoD	pabA
rpoD	panB
rpoD	panC
rpoD	panD
rpoD	panF
rpoD	patZ
rpoD	pck
rpoD	pcm
rpoD	pcnB
rpoD	pdeL
rpoD	pdxJ
rpoD	pepA
rpoD	pepD
rpoD	pepP
rpoD	pflA
rpoD	pflB
rpoD	pgk
rpoD	pgpA
rpoD	pgpB
rpoD	pheA
rpoD	pheL
rpoD	pheP
rpoD	pheU
rpoD	pheV
rpoD	phnC
rpoD	phnD
rpoD	phnE
rpoD	phnF
rpoD	phnG
rpoD	phnH
rpoD	phnI
rpoD	phnJ
rpoD	phnK
rpoD	phnL
rpoD	phnM
rpoD	phnN
rpoD	phnO
rpoD	phnP
rpoD	phoA
rpoD	phoB
rpoD	phoE
rpoD	phoH
rpoD	phoR
rpoD	phoU
rpoD	pitB
rpoD	pldA
rpoD	plsX
rpoD	pncB
rpoD	pnp
rpoD	pntA
rpoD	pntB
rpoD	polB
rpoD	ppdD
rpoD	ppiA
rpoD	ppiD
rpoD	ppsA
rpoD	preA
rpoD	preT
rpoD	prfA
rpoD	priB
rpoD	prlF
rpoD	prmA
rpoD	prmC
rpoD	proK
rpoD	proL
rpoD	proM
rpoD	proP
rpoD	proS
rpoD	proV
rpoD	proW
rpoD	proX
rpoD	prpR
rpoD	prs
rpoD	psiE
rpoD	psiF
rpoD	pspF
rpoD	pssA
rpoD	pstB
rpoD	pta
rpoD	pth
rpoD	ptrA
rpoD	ptsG
rpoD	ptsN
rpoD	purA
rpoD	purB
rpoD	purC
rpoD	purD
rpoD	purE
rpoD	purF
rpoD	purH
rpoD	purK
rpoD	purL
rpoD	purM
rpoD	purN
rpoD	purR
rpoD	purT
rpoD	putA
rpoD	putP
rpoD	pyrC
rpoD	pyrD
rpoD	pyrH
rpoD	qseB
rpoD	qseC
rpoD	rapZ
rpoD	rarA
rpoD	rbfA
rpoD	rbsA
rpoD	rbsB
rpoD	rbsC
rpoD	rbsD
rpoD	rbsK
rpoD	rbsR
rpoD	rcnA
rpoD	rcnB
rpoD	rcnR
rpoD	rcsA
rpoD	rcsB
rpoD	rcsD
rpoD	rdlD
rpoD	recA
rpoD	recB
rpoD	recC
rpoD	recD
rpoD	recG
rpoD	recN
rpoD	recO
rpoD	recQ
rpoD	recX
rpoD	relA
rpoD	relB
rpoD	relE
rpoD	rep
rpoD	rfaD
rpoD	rfe
rpoD	rffC
rpoD	rffG
rpoD	rffH
rpoD	rffM
rpoD	rhaA
rpoD	rhaB
rpoD	rhaD
rpoD	rhaT
rpoD	ribA
rpoD	ribD
rpoD	ribE
rpoD	ribF
rpoD	rihB
rpoD	rimK
rpoD	rimM
rpoD	rimP
rpoD	rirA
rpoD	rlmE
rpoD	rluA
rpoD	rnb
rpoD	rnc
rpoD	rnd
rpoD	rne
rpoD	rnlA
rpoD	rnlB
rpoD	rnpB
rpoD	rpe
rpoD	rpiB
rpoD	rplB
rpoD	rplC
rpoD	rplD
rpoD	rplI
rpoD	rplM
rpoD	rplP
rpoD	rplQ
rpoD	rplS
rpoD	rplT
rpoD	rplU
rpoD	rplV
rpoD	rplW
rpoD	rplY
rpoD	rpmA
rpoD	rpmC
rpoD	rpmI
rpoD	rpoA
rpoD	rpoD
rpoD	rpoE
rpoD	rpoH
rpoD	rpoN
rpoD	rpoS
rpoD	rpoZ
rpoD	rpsA
rpoD	rpsB
rpoD	rpsC
rpoD	rpsD
rpoD	rpsF
rpoD	rpsI
rpoD	rpsJ
rpoD	rpsK
rpoD	rpsM
rpoD	rpsO
rpoD	rpsP
rpoD	rpsQ
rpoD	rpsR
rpoD	rpsS
rpoD	rpsU
rpoD	rraA
rpoD	rraB
rpoD	rsd
rpoD	rseA
rpoD	rseB
rpoD	rseC
rpoD	rseD
rpoD	rsmH
rpoD	rutR
rpoD	ruvC
rpoD	rybA
rpoD	rydC
rpoD	ryeA
rpoD	ryfD
rpoD	ryhB
rpoD	ryjB
rpoD	safA
rpoD	sbcC
rpoD	sbcD
rpoD	sdhA
rpoD	sdhB
rpoD	sdhC
rpoD	sdhD
rpoD	sdhX
rpoD	sdiA
rpoD	sdsN
rpoD	secB
rpoD	secG
rpoD	serA
rpoD	serC
rpoD	serT
rpoD	serU
rpoD	serV
rpoD	serW
rpoD	serX
rpoD	sfsA
rpoD	sgbE
rpoD	sgbH
rpoD	sgbU
rpoD	sgrR
rpoD	shiA
rpoD	shoB
rpoD	sibA
rpoD	sibB
rpoD	sibD
rpoD	sibE
rpoD	slmA
rpoD	slp
rpoD	sodA
rpoD	sodB
rpoD	sohB
rpoD	sokB
rpoD	soxR
rpoD	soxS
rpoD	speA
rpoD	speB
rpoD	speD
rpoD	speE
rpoD	spf
rpoD	spoT
rpoD	spy
rpoD	sraG
rpoD	srkA
rpoD	srlA
rpoD	srlB
rpoD	srlD
rpoD	srlE
rpoD	srlR
rpoD	sroA
rpoD	sroC
rpoD	sroD
rpoD	ssb
rpoD	ssnA
rpoD	ssrA
rpoD	ssuA
rpoD	ssuB
rpoD	ssuC
rpoD	ssuD
rpoD	ssuE
rpoD	stfQ
rpoD	stpA
rpoD	sucA
rpoD	sucB
rpoD	sucC
rpoD	sucD
rpoD	sufA
rpoD	sufB
rpoD	sufC
rpoD	sufD
rpoD	sufE
rpoD	sufS
rpoD	sulA
rpoD	sutR
rpoD	sxy
rpoD	symE
rpoD	symR
rpoD	tatA
rpoD	tatB
rpoD	tatC
rpoD	tatD
rpoD	tcyJ
rpoD	tdh
rpoD	tfaQ
rpoD	tff
rpoD	thiB
rpoD	thiL
rpoD	thiP
rpoD	thiQ
rpoD	thrA
rpoD	thrB
rpoD	thrC
rpoD	thrL
rpoD	thrT
rpoD	thrU
rpoD	thrW
rpoD	thyA
rpoD	tnaA
rpoD	tnaB
rpoD	tnaC
rpoD	tomB
rpoD	tonB
rpoD	topA
rpoD	torA
rpoD	torC
rpoD	torD
rpoD	torR
rpoD	tpr
rpoD	tpx
rpoD	treB
rpoD	treC
rpoD	treR
rpoD	trmD
rpoD	trmH
rpoD	trpA
rpoD	trpB
rpoD	trpC
rpoD	trpD
rpoD	trpE
rpoD	trpL
rpoD	trpR
rpoD	trpS
rpoD	truB
rpoD	trxA
rpoD	trxC
rpoD	tsaE
rpoD	tsf
rpoD	tsr
rpoD	tsx
rpoD	ttdA
rpoD	ttdB
rpoD	ttdT
rpoD	tufA
rpoD	tufB
rpoD	tynA
rpoD	tyrA
rpoD	tyrB
rpoD	tyrP
rpoD	tyrR
rpoD	tyrT
rpoD	tyrU
rpoD	tyrV
rpoD	ubiA
rpoD	ubiC
rpoD	ubiG
rpoD	ubiH
rpoD	ubiI
rpoD	ubiX
rpoD	udp
rpoD	ugpA
rpoD	ugpB
rpoD	ugpC
rpoD	ugpE
rpoD	ugpQ
rpoD	uhpT
rpoD	uidR
rpoD	ulaA
rpoD	ulaB
rpoD	ulaC
rpoD	ulaD
rpoD	ulaE
rpoD	ulaF
rpoD	umpG
rpoD	umpH
rpoD	umuC
rpoD	umuD
rpoD	upp
rpoD	uraA
rpoD	uspA
rpoD	uvrA
rpoD	uvrB
rpoD	uvrC
rpoD	uvrD
rpoD	uvrY
rpoD	uxaA
rpoD	uxaB
rpoD	uxaC
rpoD	uxuA
rpoD	uxuB
rpoD	uxuR
rpoD	valS
rpoD	valT
rpoD	valU
rpoD	valV
rpoD	valW
rpoD	valX
rpoD	valY
rpoD	waaA
rpoD	waaB
rpoD	waaC
rpoD	waaF
rpoD	waaG
rpoD	waaH
rpoD	waaJ
rpoD	waaL
rpoD	waaO
rpoD	waaP
rpoD	waaQ
rpoD	waaS
rpoD	waaU
rpoD	waaY
rpoD	waaZ
rpoD	wcaA
rpoD	wcaB
rpoD	wecB
rpoD	wecC
rpoD	wecE
rpoD	wecF
rpoD	wza
rpoD	wzb
rpoD	wzc
rpoD	wzxE
rpoD	wzyE
rpoD	wzzE
rpoD	xapB
rpoD	xapR
rpoD	xerC
rpoD	xseA
rpoD	xseB
rpoD	xylE
rpoD	yacC
rpoD	yadV
rpoD	yafN
rpoD	yafO
rpoD	yafP
rpoD	yafQ
rpoD	yagK
rpoD	yaiA
rpoD	yajG
rpoD	yajO
rpoD	ybbW
rpoD	ybbY
rpoD	ybdN
rpoD	ybdZ
rpoD	ybhF
rpoD	ybhG
rpoD	ybhL
rpoD	ybhR
rpoD	ybhS
rpoD	ybiB
rpoD	ybjC
rpoD	ybjN
rpoD	ycaR
rpoD	yccA
rpoD	ycdZ
rpoD	ychA
rpoD	ychF
rpoD	ychH
rpoD	ychO
rpoD	ychQ
rpoD	yciB
rpoD	yciC
rpoD	yciE
rpoD	yciW
rpoD	yciX
rpoD	ydeI
rpoD	ydeJ
rpoD	ydeM
rpoD	ydeN
rpoD	ydeO
rpoD	ydeP
rpoD	ydfA
rpoD	ydfB
rpoD	ydfC
rpoD	ydfD
rpoD	ydfE
rpoD	ydfW
rpoD	ydfX
rpoD	ydjM
rpoD	yeaE
rpoD	yeaR
rpoD	yebB
rpoD	yebC
rpoD	yebE
rpoD	yebG
rpoD	yefM
rpoD	yegR
rpoD	yegZ
rpoD	yehF
rpoD	yeiB
rpoD	yfaE
rpoD	yfdE
rpoD	yfdV
rpoD	yfdX
rpoD	yffB
rpoD	yfiB
rpoD	yfiR
rpoD	ygeA
rpoD	ygeH
rpoD	ygfB
rpoD	yhaV
rpoD	yhbE
rpoD	yhcH
rpoD	yhdT
rpoD	yhfA
rpoD	yhgH
rpoD	yhhY
rpoD	yhjR
rpoD	yhjX
rpoD	yiaJ
rpoD	yiaK
rpoD	yiaL
rpoD	yiaM
rpoD	yiaN
rpoD	yiaO
rpoD	yibN
rpoD	yifL
rpoD	yigA
rpoD	yigB
rpoD	yihI
rpoD	yihS
rpoD	yihT
rpoD	yihU
rpoD	yihV
rpoD	yjbE
rpoD	yjbF
rpoD	yjbG
rpoD	yjbH
rpoD	yjcH
rpoD	yjeV
rpoD	yjhC
rpoD	yjjQ
rpoD	yjjZ
rpoD	ykgM
rpoD	ykgO
rpoD	ykgR
rpoD	yliM
rpoD	ymiA
rpoD	yoaE
rpoD	yoaG
rpoD	yobF
rpoD	yoeB
rpoD	yojI
rpoD	ypfN
rpoD	yqhD
rpoD	yqjA
rpoD	yrbG
rpoD	yrbN
rpoD	ysgA
rpoD	ytiC
rpoD	ytiD
rpoD	zinT
rpoD	zntA
rpoD	znuB
rpoD	znuC
rpoD	zwf
rpoE	opgG
rpoE	opgH
rpoE	rpoE
rpoD	sixA
rpoE	sixA
rpoH	mlc
rpoD	ynfK
rpoH	ynfK
rpoD	aceE
rpoS	aceE
rpoD	aceF
rpoS	aceF
rpoS	acs
rpoS	actP
rpoD	aidB
rpoS	aidB
rpoD	appA
rpoS	appA
rpoD	appB
rpoS	appB
rpoD	appC
rpoS	appC
rpoD	appX
rpoS	appX
rpoD	araF
rpoD	araG
rpoD	araH
rpoD	arrS
rpoS	arrS
rpoD	btuF
rpoS	btuF
rpoD	csiE
rpoS	csiE
rpoD	dinB
rpoS	dinB
rpoD	dmsD
rpoS	dmsD
rpoD	dps
rpoS	dps
rpoD	eno
rpoS	eno
rpoD	epd
rpoS	epd
rpoS	fbaA
rpoD	frdA
rpoS	frdA
rpoD	frdB
rpoS	frdB
rpoD	frdC
rpoS	frdC
rpoD	frdD
rpoS	frdD
rpoD	gabD
rpoD	gabP
rpoD	gabT
rpoS	galE
rpoS	galK
rpoS	galM
rpoS	galT
rpoS	gapA
rpoD	glk
rpoS	glk
rpoD	gor
rpoS	gor
rpoD	gpmA
rpoS	gpmA
rpoD	gyrB
rpoS	gyrB
rpoD	hyaA
rpoS	hyaA
rpoD	hyaB
rpoS	hyaB
rpoD	hyaC
rpoS	hyaC
rpoD	hyaD
rpoS	hyaD
rpoD	hyaE
rpoS	hyaE
rpoD	hyaF
rpoS	hyaF
rpoD	ilvY
rpoS	ilvY
rpoS	lpd
rpoS	mglA
rpoD	mglB
rpoS	mglB
rpoS	mglC
rpoD	mlrA
rpoS	mlrA
rpoD	mtn
rpoS	mtn
rpoS	murP
rpoS	murQ
rpoD	murR
rpoS	murR
rpoD	osmB
rpoD	osmE
rpoS	osmE
rpoD	osmY
rpoS	osmY
rpoD	pdhR
rpoS	pdhR
rpoD	pfkA
rpoS	pfkA
rpoD	pgi
rpoS	pgi
rpoS	pgk
rpoS	phoU
rpoD	pqiA
rpoS	pqiA
rpoD	pqiB
rpoS	pqiB
rpoD	pqiC
rpoS	pqiC
rpoS	proV
rpoS	proW
rpoS	proX
rpoD	pstA
rpoS	pstA
rpoS	pstB
rpoD	pstC
rpoS	pstC
rpoD	pstS
rpoS	pstS
rpoD	pykA
rpoS	pykA
rpoD	rhaR
rpoS	rhaR
rpoD	rhaS
rpoS	rhaS
rpoS	rpoH
rpoD	setA
rpoS	setA
rpoD	sgrS
rpoS	sgrS
rpoD	sgrT
rpoS	sgrT
rpoS	sohB
rpoS	topA
rpoD	tpiA
rpoS	tpiA
rpoD	xapA
rpoS	xapA
rpoS	xapB
rpoD	yadS
rpoS	yadS
rpoS	yafN
rpoS	yafO
rpoS	yafP
rpoS	yjcH
rpoD	ynfE
rpoS	ynfE
rpoD	ynfF
rpoS	ynfF
rpoD	ynfG
rpoS	ynfG
rpoD	ynfH
rpoS	ynfH
rpoN	rpoE
rpoN	rseA
rpoN	rseB
rpoN	rseC
rpoN	rseD
rpoD	mntH
