regulator,target
AaeR,aaeA
AaeR,aaeB
AaeR,aaeX
AccB,AccB
AccB,accC
AcrR,acrA
AcrR,acrB
AcrR,AcrR
AcrR,FlhDC
AcrR,MarA
AcrR,marB
AcrR,MarR
AcrR,micF
AcrR,SoxR
AcrR,SoxS
Ada,AidB
Ada,alkA
AdiY,adiA
AdiY,gadA
AdiY,gadB
AdiY,gadC
AdiY,GadX
AdiY,gltB
AdiY,gltD
AdiY,gltF
AgaR,agaB
AgaR,agaC
AgaR,agaD
AgaR,agaI
AgaR,AgaR
AgaR,agaS
AgaR,agaV
AgaR,kbaY
AgaR,kbaZ
AidB,AidB
AlaS,AlaS
AllR,allA
AllR,allB
AllR,AllS
AllR,gcl
AllR,glxK
AllR,glxR
AllR,hyi
AllR,ybbW
AllR,ybbY
AllS,allC
AllS,allD
AllS,allE
AlpA,PhoB
AlpA,phoR
AlsR,alsA
AlsR,alsB
AlsR,alsC
AlsR,alsE
AlsR,AlsR
AlsR,rpiB
AppY,appA
AppY,appB
AppY,appC
AppY,appX
AppY,hyaA
AppY,hyaB
AppY,hyaC
AppY,hyaD
AppY,hyaE
AppY,hyaF
AraC,araE
AraC,araF
AraC,araG
AraC,araH
AraC,araJ
AraC,xylA
AraC,xylB
AraC,ydeM
AraC,ydeN
AraC,ygeA
ArcA,aceA
ArcA,aceB
ArcA,aceE
ArcA,aceF
ArcA,aceK
ArcA,ackA
ArcA,acnA
ArcA,acnB
ArcA,aldA
ArcA,appA
ArcA,appB
ArcA,appC
ArcA,appX
ArcA,AppY
ArcA,arcZ
ArcA,betA
ArcA,betB
ArcA,BetI
ArcA,betT
ArcA,cadA
ArcA,cadB
ArcA,caiA
ArcA,caiB
ArcA,caiC
ArcA,caiD
ArcA,caiE
ArcA,caiT
ArcA,citC
ArcA,citD
ArcA,citE
ArcA,citF
ArcA,citG
ArcA,citX
ArcA,cydA
ArcA,cydB
ArcA,cydC
ArcA,cydD
ArcA,cyoA
ArcA,cyoB
ArcA,cyoC
ArcA,cyoD
ArcA,cyoE
ArcA,dctA
ArcA,dcuC
ArcA,DpiA
ArcA,dpiB
ArcA,fadA
ArcA,fadB
ArcA,fadD
ArcA,fadE
ArcA,fadH
ArcA,fadI
ArcA,fadJ
ArcA,fadL
ArcA,Fnr
ArcA,focA
ArcA,fumA
ArcA,fumB
ArcA,fumC
ArcA,gadA
ArcA,GadE
ArcA,GadE-RcsB
ArcA,gadF
ArcA,GadX
ArcA,gatA
ArcA,gatB
ArcA,gatD
ArcA,gatY
ArcA,gatZ
ArcA,glcA
ArcA,glcB
ArcA,glcD
ArcA,glcE
ArcA,glcF
ArcA,glcG
ArcA,glpA
ArcA,glpB
ArcA,glpC
ArcA,glpD
ArcA,gltA
ArcA,grcA
ArcA,hemA
ArcA,hyaA
ArcA,hyaB
ArcA,hyaC
ArcA,hyaD
ArcA,hyaE
ArcA,hyaF
ArcA,hybA
ArcA,hybB
ArcA,hybC
ArcA,hybD
ArcA,hybE
ArcA,hybF
ArcA,hybG
ArcA,hybO
ArcA,icd
ArcA,iraM
ArcA,lldD
ArcA,lldP
ArcA,LldR
ArcA,lpd
ArcA,mdh
ArcA,moeA
ArcA,moeB
ArcA,ndh
ArcA,nuoA
ArcA,nuoB
ArcA,nuoC
ArcA,nuoE
ArcA,nuoF
ArcA,nuoG
ArcA,nuoH
ArcA,nuoI
ArcA,nuoJ
ArcA,nuoK
ArcA,nuoL
ArcA,nuoM
ArcA,nuoN
ArcA,ompW
ArcA,oppA
ArcA,oppB
ArcA,oppC
ArcA,oppD
ArcA,oppF
ArcA,pflB
ArcA,prfA
ArcA,prmC
ArcA,ptsG
ArcA,puuA
ArcA,puuB
ArcA,puuC
ArcA,puuD
ArcA,puuE
ArcA,puuP
ArcA,PuuR
ArcA,rhaT
ArcA,rmf
ArcA,rplB
ArcA,rplC
ArcA,rplD
ArcA,rplP
ArcA,rplV
ArcA,rplW
ArcA,rpmC
ArcA,RpoS
ArcA,rpsC
ArcA,rpsJ
ArcA,rpsQ
ArcA,rpsS
ArcA,rsd
ArcA,rutA
ArcA,rutB
ArcA,rutC
ArcA,rutD
ArcA,rutE
ArcA,rutF
ArcA,rutG
ArcA,sodA
ArcA,ssb
ArcA,tpx
ArcA,treB
ArcA,treC
ArcA,ubiA
ArcA,ubiC
ArcA,uvrA
ArcA,XylR
ArcA,ybdN
ArcA,ydeA
ArcA,ymjE
ArgP,argO
ArgP,ArgP
ArgP,dapB
ArgP,dapD
ArgP,DnaA
ArgP,dnaN
ArgP,gdhA
ArgP,lysA
ArgP,lysC
ArgP,lysP
ArgP,nrdA
ArgP,nrdB
ArgP,recF
ArgP,yfaE
ArgR,argA
ArgR,argB
ArgR,argC
ArgR,argD
ArgR,argE
ArgR,argF
ArgR,argG
ArgR,argH
ArgR,argI
ArgR,ArgR
ArgR,artI
ArgR,artJ
ArgR,artM
ArgR,artP
ArgR,artQ
ArgR,astA
ArgR,astB
ArgR,astC
ArgR,astD
ArgR,astE
ArgR,carA
ArgR,carB
ArgR,gltB
ArgR,gltD
ArgR,gltF
ArgR,hisJ
ArgR,hisM
ArgR,hisP
ArgR,hisQ
ArgR,infB
ArgR,lysO
ArgR,metY
ArgR,nusA
ArgR,pnp
ArgR,rbfA
ArgR,rimP
ArgR,rpsO
ArgR,truB
ArsR,arsB
ArsR,arsC
ArsR,ArsR
AscG,ascB
AscG,ascF
AscG,htpG
AscG,PrpR
AscG,ybiT
AsnC,asnA
AsnC,AsnC
AsnC,mioC
AsnC,mnmG
AtoC,atoA
AtoC,atoB
AtoC,atoD
AtoC,atoE
BaeR,acrD
BaeR,BaeR
BaeR,baeS
BaeR,mdtA
BaeR,mdtB
BaeR,mdtC
BaeR,mdtD
BaeR,spy
BasR,CsgD
BasR,csgE
BasR,csgF
BasR,csgG
BasR,cspI
BasR,dgkA
BasR,fimB
BasR,hha
BasR,PutA
BasR,QseB
BasR,qseC
BasR,tomB
BasR,yrbL
BetI,betA
BetI,betB
BetI,BetI
BetI,betT
BirA,bioA
BirA,bioB
BirA,bioC
BirA,bioD
BirA,bioF
BluR,ariR
BluR,ycgZ
BluR,ymgA
BluR,ymgC
BolA,csgA
BolA,CsgD
BolA,csgE
BolA,csgF
BolA,csgG
BolA,mreB
BolA,mreC
BolA,mreD
BtsR,aceE
BtsR,aceF
BtsR,btsT
BtsR,csgA
BtsR,csgB
BtsR,csgC
BtsR,CsgD
BtsR,csgE
BtsR,csgF
BtsR,csgG
BtsR,cspC
BtsR,lpd
BtsR,mdh
BtsR,PdhR
BtsR,yobF
Crp,aaeA
Crp,aaeB
Crp,AaeR
Crp,aaeX
Crp,aceA
Crp,aceB
Crp,aceE
Crp,aceF
Crp,aceK
Crp,acnA
Crp,acnB
Crp,acs
Crp,actP
Crp,aer
Crp,agaV
Crp,agp
Crp,aldA
Crp,aldB
Crp,ampD
Crp,ampE
Crp,ansB
Crp,araA
Crp,araB
Crp,AraC
Crp,araD
Crp,araE
Crp,araF
Crp,araG
Crp,araH
Crp,arfB
Crp,argG
Crp,aroA
Crp,ascB
Crp,ascF
Crp,aspA
Crp,azuC
Crp,bglB
Crp,bglF
Crp,bglG
Crp,bhsA
Crp,bidA
Crp,btsT
Crp,caiA
Crp,caiB
Crp,caiC
Crp,caiD
Crp,caiE
Crp,CaiF
Crp,caiT
Crp,cas1
Crp,cas2
Crp,cas3
Crp,casA
Crp,casB
Crp,casC
Crp,casD
Crp,casE
Crp,chbA
Crp,chbB
Crp,chbC
Crp,chbF
Crp,chbG
Crp,ChbR
Crp,chiP
Crp,chiQ
Crp,chiZ
Crp,cirA
Crp,citC
Crp,citD
Crp,citE
Crp,citF
Crp,citG
Crp,citX
Crp,ComR
Crp,cpdB
Crp,CsgD
Crp,csgE
Crp,csgF
Crp,csgG
Crp,csiE
Crp,cspD
Crp,cspE
Crp,csrC
Crp,cstA
Crp,cyaA
Crp,cyaR
Crp,cyoA
Crp,cyoB
Crp,cyoC
Crp,cyoD
Crp,cyoE
Crp,cysG
Crp,dctA
Crp,dcuA
Crp,dcuB
Crp,DcuR
Crp,dgoA
Crp,dgoD
Crp,dgoK
Crp,DgoR
Crp,dgoT
Crp,DksA
Crp,DpiA
Crp,dpiB
Crp,dsdA
Crp,dsdX
Crp,ebgA
Crp,ebgC
Crp,entA
Crp,entB
Crp,entC
Crp,entD
Crp,entE
Crp,entH
Crp,epd
Crp,ExuR
Crp,exuT
Crp,fadD
Crp,fadH
Crp,fadL
Crp,fbaA
Crp,feaB
Crp,FeaR
Crp,fecA
Crp,fecB
Crp,fecC
Crp,fecD
Crp,fecE
Crp,fepA
Crp,fiu
Crp,fixA
Crp,fixB
Crp,fixC
Crp,fixX
Crp,FlhDC
Crp,focA
Crp,focB
Crp,frlA
Crp,frlB
Crp,frlC
Crp,frlD
Crp,FrlR
Crp,fucA
Crp,fucI
Crp,fucK
Crp,fucO
Crp,fucP
Crp,FucR
Crp,fucU
Crp,fumA
Crp,fumB
Crp,Fur
Crp,gabD
Crp,gabP
Crp,gabT
Crp,gadA
Crp,gadB
Crp,gadC
Crp,GadE
Crp,GadE-RcsB
Crp,gadF
Crp,GadX
Crp,galP
Crp,GalS
Crp,gapA
Crp,gatA
Crp,gatB
Crp,gatD
Crp,gatY
Crp,gatZ
Crp,gcd
Crp,gcvH
Crp,gcvP
Crp,gcvT
Crp,gdhA
Crp,glaH
Crp,GlcC
Crp,glgA
Crp,glgC
Crp,glgP
Crp,glgS
Crp,glpA
Crp,glpB
Crp,glpC
Crp,glpD
Crp,glpE
Crp,glpF
Crp,glpG
Crp,glpK
Crp,glpQ
Crp,glpT
Crp,glpX
Crp,gltA
Crp,gltB
Crp,gltD
Crp,gltF
Crp,gntK
Crp,gntP
Crp,gntT
Crp,gntU
Crp,gpsA
Crp,grcA
Crp,grpE
Crp,guaA
Crp,guaB
Crp,GutM
Crp,gutQ
Crp,gyrA
Crp,hflC
Crp,hflK
Crp,hflX
Crp,hfq
Crp,hicA
Crp,HicB
Crp,hlyE
Crp,hofB
Crp,hofC
Crp,hofM
Crp,hofN
Crp,hofO
Crp,hofP
Crp,hpt
Crp,HU
Crp,hyfA
Crp,hyfB
Crp,hyfC
Crp,hyfD
Crp,hyfE
Crp,hyfF
Crp,hyfG
Crp,hyfH
Crp,hyfI
Crp,hyfJ
Crp,HyfR
Crp,idnD
Crp,idnK
Crp,idnO
Crp,IdnR
Crp,idnT
Crp,ilvB
Crp,ilvN
Crp,infB
Crp,ivbL
Crp,kbaZ
Crp,LacI
Crp,lamB
Crp,lgoR
Crp,lhgD
Crp,lsrA
Crp,lsrB
Crp,lsrC
Crp,lsrD
Crp,lsrF
Crp,lsrG
Crp,lsrK
Crp,LsrR
Crp,malE
Crp,malF
Crp,malG
Crp,malH
Crp,malK
Crp,malM
Crp,malS
Crp,MalT
Crp,malX
Crp,malY
Crp,manX
Crp,manY
Crp,manZ
Crp,MarA
Crp,marB
Crp,MarR
Crp,MazE
Crp,MazE-MazF
Crp,mcaS
Crp,mdh
Crp,mdtE
Crp,mdtF
Crp,melA
Crp,melB
Crp,MelR
Crp,metK
Crp,metY
Crp,mglA
Crp,mglB
Crp,mglC
Crp,mhpA
Crp,mhpB
Crp,mhpC
Crp,mhpD
Crp,mhpE
Crp,mhpF
Crp,MhpR
Crp,modA
Crp,modB
Crp,modC
Crp,mpl
Crp,mtlA
Crp,mtlD
Crp,mtlR
Crp,murP
Crp,murQ
Crp,nadC
Crp,nanA
Crp,nanC
Crp,nanE
Crp,nanK
Crp,nanM
Crp,nanQ
Crp,nanS
Crp,nanT
Crp,narQ
Crp,nfuA
Crp,nirB
Crp,nirC
Crp,nirD
Crp,nlpE
Crp,nrdA
Crp,nrdB
Crp,nupC
Crp,nusA
Crp,ompA
Crp,ompF
Crp,ompW
Crp,osmY
Crp,OxyR
Crp,paaA
Crp,paaB
Crp,paaC
Crp,paaD
Crp,paaE
Crp,paaF
Crp,paaG
Crp,paaH
Crp,paaI
Crp,paaJ
Crp,paaK
Crp,paaZ
Crp,patZ
Crp,PdhR
Crp,pflB
Crp,pgk
Crp,PlaR
Crp,pncB
Crp,pnp
Crp,ppdD
Crp,preA
Crp,preT
Crp,priB
Crp,prpB
Crp,prpC
Crp,prpD
Crp,prpE
Crp,PrpR
Crp,psiE
Crp,ptsG
Crp,putP
Crp,puuB
Crp,puuC
Crp,puuD
Crp,puuE
Crp,PuuR
Crp,raiA
Crp,raiZ
Crp,rbfA
Crp,rbsA
Crp,rbsB
Crp,rbsC
Crp,rbsD
Crp,rbsK
Crp,RbsR
Crp,relA
Crp,rhaA
Crp,rhaB
Crp,rhaD
Crp,RhaR
Crp,RhaS
Crp,rhaT
Crp,rimP
Crp,rmf
Crp,rof
Crp,rplI
Crp,rplM
Crp,RpoE
Crp,RpoS
Crp,rpsF
Crp,rpsI
Crp,rpsO
Crp,rpsR
Crp,rseA
Crp,rseB
Crp,rseC
Crp,rseD
Crp,rspA
Crp,rspB
Crp,sbmC
Crp,sdhA
Crp,sdhB
Crp,sdhC
Crp,sdhD
Crp,sdhX
Crp,secB
Crp,serA
Crp,serC
Crp,sfsA
Crp,sodA
Crp,sodB
Crp,sohB
Crp,speC
Crp,spf
Crp,srlA
Crp,srlB
Crp,srlD
Crp,srlE
Crp,SrlR
Crp,sucA
Crp,sucB
Crp,sucC
Crp,sucD
Crp,tam
Crp,TdcA
Crp,tdcB
Crp,tdcC
Crp,tdcD
Crp,tdcE
Crp,tdcF
Crp,tdcG
Crp,tnaA
Crp,tnaB
Crp,tnaC
Crp,trg
Crp,truB
Crp,trxA
Crp,ubiG
Crp,ugpA
Crp,ugpB
Crp,ugpC
Crp,ugpE
Crp,ugpQ
Crp,uhpT
Crp,uidA
Crp,uidB
Crp,uidC
Crp,ulaA
Crp,ulaB
Crp,ulaC
Crp,ulaD
Crp,ulaE
Crp,ulaF
Crp,uxaA
Crp,uxaB
Crp,uxaC
Crp,uxuA
Crp,uxuB
Crp,UxuR
Crp,xseA
Crp,xylA
Crp,xylB
Crp,xylE
Crp,xylF
Crp,xylG
Crp,xylH
Crp,XylR
Crp,yaeP
Crp,yaeQ
Crp,ychH
Crp,yeiP
Crp,yeiW
Crp,yfaE
Crp,ygeA
Crp,yhgH
Crp,yjcH
Crp,yjhG
Crp,yjhH
Crp,yjhI
Crp,ykgR
Crp,ytfK
Crp,ZraR
Crp,zraS
CRP-Sxy,CRP-Sxy
CadC,cadA
CadC,cadB
CadC,CadC
CaiF,caiA
CaiF,caiB
CaiF,caiC
CaiF,caiD
CaiF,caiE
CaiF,caiT
CaiF,fixA
CaiF,fixB
CaiF,fixC
CaiF,fixX
Cbl,ssuA
Cbl,ssuB
Cbl,ssuC
Cbl,ssuD
Cbl,ssuE
Cbl,tauA
Cbl,tauB
Cbl,tauC
Cbl,tauD
CdaR,CdaR
CdaR,garD
CdaR,garK
CdaR,garL
CdaR,garP
CdaR,garR
CdaR,gudD
CdaR,gudP
CdaR,gudX
CdaR,rnpB
CecR,CecR
CecR,ybhF
CecR,ybhG
CecR,ybhR
CecR,ybhS
ComR,bhsA
CpxR,acrD
CpxR,aroG
CpxR,bacA
CpxR,BaeR
CpxR,baeS
CpxR,bamE
CpxR,cheA
CpxR,cheW
CpxR,cpxA
CpxR,cpxP
CpxR,cpxQ
CpxR,CpxR
CpxR,csgA
CpxR,csgB
CpxR,csgC
CpxR,CsgD
CpxR,csgE
CpxR,csgF
CpxR,csgG
CpxR,cyaR
CpxR,degP
CpxR,dgcZ
CpxR,dsbA
CpxR,dsbC
CpxR,fabZ
CpxR,ftnB
CpxR,hha
CpxR,kbp
CpxR,ldtC
CpxR,ldtD
CpxR,lpxA
CpxR,lpxD
CpxR,MarA
CpxR,marB
CpxR,MarR
CpxR,mdtA
CpxR,mdtB
CpxR,mdtC
CpxR,mdtD
CpxR,motA
CpxR,motB
CpxR,motR
CpxR,mscM
CpxR,mzrA
CpxR,ompC
CpxR,ompF
CpxR,ppiA
CpxR,ppiD
CpxR,psd
CpxR,RpoE
CpxR,RpoH
CpxR,rprA
CpxR,rseA
CpxR,rseB
CpxR,rseC
CpxR,rseD
CpxR,sbmA
CpxR,skp
CpxR,slt
CpxR,spy
CpxR,srkA
CpxR,tomB
CpxR,tsr
CpxR,ung
CpxR,yaiW
CpxR,yccA
CpxR,yebE
CpxR,yidQ
CpxR,yqaE
CpxR,yqjA
Cra,aceA
Cra,aceB
Cra,aceE
Cra,aceF
Cra,aceK
Cra,acnA
Cra,acnB
Cra,adhE
Cra,aroP
Cra,betA
Cra,betB
Cra,BetI
Cra,betT
Cra,Crp
Cra,CRP-Sxy
Cra,CsgD
Cra,csgE
Cra,csgF
Cra,csgG
Cra,cydA
Cra,cydB
Cra,cyoA
Cra,cyoB
Cra,cyoC
Cra,cyoD
Cra,cyoE
Cra,cysG
Cra,eda
Cra,edd
Cra,eno
Cra,envC
Cra,epd
Cra,fbaA
Cra,fbaB
Cra,fruA
Cra,fruB
Cra,fruK
Cra,gapA
Cra,GlcC
Cra,glk
Cra,gpmM
Cra,hypF
Cra,icd
Cra,lpd
Cra,manX
Cra,manY
Cra,manZ
Cra,MarA
Cra,marB
Cra,MarR
Cra,mpl
Cra,mtlA
Cra,mtlD
Cra,mtlR
Cra,nirB
Cra,nirC
Cra,nirD
Cra,pck
Cra,PdeL
Cra,PdhR
Cra,pfkA
Cra,pgk
Cra,poxB
Cra,ppc
Cra,ppsA
Cra,prpB
Cra,prpC
Cra,prpD
Cra,prpE
Cra,pykF
Cra,setA
Cra,sgrS
Cra,sgrT
Cra,tpiA
Cra,yeaD
Cra,yibQ
Cra,zwf
CreB,creD
CreB,malE
CreB,malF
CreB,malG
CreB,malH
CreB,talA
CsgD,csgA
CsgD,csgB
CsgD,csgC
CsgD,CsgD
CsgD,csgE
CsgD,csgF
CsgD,csgG
CsgD,dgcC
CsgD,flgM
CsgD,flgN
CsgD,FliA
CsgD,fliE
CsgD,fliF
CsgD,fliG
CsgD,fliH
CsgD,fliI
CsgD,fliJ
CsgD,fliK
CsgD,FliZ
CsgD,iraP
CsgD,nlpA
CsgD,pepD
CsgD,tcyJ
CsgD,ubiT
CsgD,wrbA
CsgD,yccJ
CsgD,yccT
CsgD,yhbS
CspA,gyrA
CspA,H-NS
CsqR,CsqR
CsqR,yihS
CsqR,yihT
CsqR,yihU
CsqR,yihV
CueR,copA
CueR,cueO
CueR,moaA
CueR,moaB
CueR,moaC
CueR,moaD
CueR,moaE
CusR,cusA
CusR,cusB
CusR,cusC
CusR,cusF
CusR,CusR
CusR,cusS
CusR,cyoA
CusR,cyoB
CusR,cyoC
CusR,cyoD
CusR,cyoE
CusR,hiuH
CynR,CynR
CynR,cynS
CynR,cynT
CynR,cynX
CysB,Cbl
CysB,cysA
CysB,CysB
CysB,cysC
CysB,cysD
CysB,cysH
CysB,cysI
CysB,cysJ
CysB,cysK
CysB,cysM
CysB,cysN
CysB,cysP
CysB,cysU
CysB,cysW
CysB,dgcZ
CysB,hslJ
CysB,ssuA
CysB,ssuB
CysB,ssuC
CysB,ssuD
CysB,ssuE
CysB,tauA
CysB,tauB
CysB,tauC
CysB,tauD
CysB,tcyJ
CysB,tcyP
CysB,ybdN
CysB,yciW
CysB,ygeH
CysB,yoaC
CytR,cdd
CytR,CytR
CytR,deoA
CytR,deoB
CytR,deoC
CytR,deoD
CytR,nupC
CytR,nupG
CytR,ppiA
CytR,RpoH
CytR,tsx
CytR,udp
CytR,ycdZ
TtdR,ttdA
TtdR,ttdB
TtdR,TtdR
TtdR,ttdT
DcuR,aspA
DcuR,dctA
DcuR,dcuA
DcuR,dcuB
DcuR,DpiA
DcuR,dpiB
DcuR,frdA
DcuR,frdB
DcuR,frdC
DcuR,frdD
DcuR,fumB
DcuR,pck
DeoR,deoA
DeoR,deoB
DeoR,deoC
DeoR,deoD
DeoR,nupG
DeoR,tsx
DgoR,dgoA
DgoR,dgoD
DgoR,dgoK
DgoR,DgoR
DgoR,dgoT
DhaR,dhaK
DhaR,dhaL
DhaR,dhaM
DhaR,DhaR
DicA,dicB
DicA,dicC
DicA,ydfD
DicA,ydfW
DicA,ydfX
DinJ-YafQ,cspE
DinJ-YafQ,DinJ-YafQ
DnaA,aldA
DnaA,guaA
DnaA,guaB
DnaA,polA
DnaA,recN
DnaA,RpoH
DnaA,uvrB
DnaA,yjeV
DpiA,AppY
DpiA,citC
DpiA,citD
DpiA,citE
DpiA,citF
DpiA,citG
DpiA,citX
DpiA,DpiA
DpiA,dpiB
DpiA,exuT
DpiA,mdh
DsdC,dsdA
DsdC,DsdC
DsdC,dsdX
EbgR,ebgA
EbgR,ebgC
EnvR,acrA
EnvR,acrB
EnvY,ompC
EnvY,ompF
EvgA,acrD
EvgA,emrK
EvgA,emrY
EvgA,EvgA
EvgA,evgS
EvgA,frc
EvgA,GadE
EvgA,GadE-RcsB
EvgA,gadF
EvgA,mdtE
EvgA,mdtF
EvgA,oxc
EvgA,safA
EvgA,YdeO
EvgA,ydeP
EvgA,yegR
EvgA,yfdE
EvgA,yfdV
EvgA,yfdX
ExuR,ExuR
ExuR,exuT
ExuR,lgoR
ExuR,uxaA
ExuR,uxaB
ExuR,uxaC
ExuR,uxuA
ExuR,uxuB
ExuR,UxuR
Fnr,ackA
Fnr,acnA
Fnr,acrE
Fnr,acrF
Fnr,adhE
Fnr,aer
Fnr,aldA
Fnr,ansB
Fnr,aspA
Fnr,bcsB
Fnr,bcsZ
Fnr,CadC
Fnr,caiA
Fnr,caiB
Fnr,caiC
Fnr,caiD
Fnr,caiE
Fnr,CaiF
Fnr,caiT
Fnr,ccmA
Fnr,ccmB
Fnr,ccmC
Fnr,ccmD
Fnr,ccmE
Fnr,ccmF
Fnr,ccmG
Fnr,ccmH
Fnr,ccp
Fnr,cheB
Fnr,cheR
Fnr,cheY
Fnr,cheZ
Fnr,citC
Fnr,citD
Fnr,citE
Fnr,citF
Fnr,citG
Fnr,citX
Fnr,cydC
Fnr,cydD
Fnr,cyoA
Fnr,cyoB
Fnr,cyoC
Fnr,cyoD
Fnr,cyoE
Fnr,cysG
Fnr,dcuA
Fnr,dcuB
Fnr,dcuC
Fnr,DcuR
Fnr,dcuS
Fnr,dmsA
Fnr,dmsB
Fnr,dmsC
Fnr,dmsD
Fnr,DpiA
Fnr,dpiB
Fnr,dppA
Fnr,dppB
Fnr,dppC
Fnr,dppD
Fnr,dppF
Fnr,emrK
Fnr,emrY
Fnr,entF
Fnr,fdhF
Fnr,feoA
Fnr,feoB
Fnr,feoC
Fnr,fepE
Fnr,fes
Fnr,FhlA
Fnr,fixA
Fnr,fixB
Fnr,fixC
Fnr,fixX
Fnr,Fnr
Fnr,fnrS
Fnr,focA
Fnr,focB
Fnr,frdA
Fnr,frdB
Fnr,frdC
Fnr,frdD
Fnr,fumA
Fnr,fumB
Fnr,fumC
Fnr,gadA
Fnr,GadW
Fnr,GadX
Fnr,garK
Fnr,garL
Fnr,garP
Fnr,garR
Fnr,gcvH
Fnr,gcvP
Fnr,gcvT
Fnr,gdhA
Fnr,glpA
Fnr,glpB
Fnr,glpC
Fnr,glpQ
Fnr,glpT
Fnr,gltB
Fnr,gltD
Fnr,gltF
Fnr,gnd
Fnr,hcp
Fnr,hcr
Fnr,hemA
Fnr,hlyE
Fnr,hmp
Fnr,hyfA
Fnr,hyfB
Fnr,hyfC
Fnr,hyfD
Fnr,hyfE
Fnr,hyfF
Fnr,hyfG
Fnr,hyfH
Fnr,hyfI
Fnr,hyfJ
Fnr,HyfR
Fnr,hypB
Fnr,hypC
Fnr,hypD
Fnr,hypE
Fnr,idlP
Fnr,iraD
Fnr,iraM
Fnr,katG
Fnr,malP
Fnr,malQ
Fnr,moaA
Fnr,moaB
Fnr,moaC
Fnr,moaD
Fnr,moaE
Fnr,moeA
Fnr,moeB
Fnr,Nac
Fnr,napA
Fnr,napB
Fnr,napC
Fnr,napD
Fnr,napF
Fnr,napG
Fnr,napH
Fnr,narG
Fnr,narH
Fnr,narI
Fnr,narJ
Fnr,narK
Fnr,NarL
Fnr,narS
Fnr,narX
Fnr,ndh
Fnr,NfeR
Fnr,nikA
Fnr,nikB
Fnr,nikC
Fnr,nikD
Fnr,nikE
Fnr,NikR
Fnr,nirB
Fnr,nirC
Fnr,nirD
Fnr,norV
Fnr,norW
Fnr,nrdD
Fnr,nrdG
Fnr,nrfA
Fnr,nrfB
Fnr,nrfC
Fnr,nrfD
Fnr,nrfE
Fnr,nrfF
Fnr,nrfG
Fnr,nuoA
Fnr,nuoB
Fnr,nuoC
Fnr,nuoE
Fnr,nuoF
Fnr,nuoG
Fnr,nuoH
Fnr,nuoI
Fnr,nuoJ
Fnr,nuoK
Fnr,nuoL
Fnr,nuoM
Fnr,nuoN
Fnr,ompX
Fnr,pdeF
Fnr,pepT
Fnr,pflB
Fnr,pheM
Fnr,phoU
Fnr,pitA
Fnr,poxB
Fnr,prfA
Fnr,prmC
Fnr,pstA
Fnr,pstB
Fnr,pstC
Fnr,pstS
Fnr,purM
Fnr,purN
Fnr,puuA
Fnr,puuP
Fnr,ravA
Fnr,rimM
Fnr,rnpB
Fnr,rplB
Fnr,rplC
Fnr,rplD
Fnr,rplM
Fnr,rplP
Fnr,rplS
Fnr,rplT
Fnr,rplV
Fnr,rplW
Fnr,rpmC
Fnr,rpsC
Fnr,rpsI
Fnr,rpsJ
Fnr,rpsP
Fnr,rpsQ
Fnr,rpsS
Fnr,sdhA
Fnr,sdhB
Fnr,sdhC
Fnr,sdhD
Fnr,sdhX
Fnr,sodA
Fnr,SoxR
Fnr,SoxS
Fnr,ssuA
Fnr,ssuB
Fnr,ssuC
Fnr,ssuD
Fnr,ssuE
Fnr,sucA
Fnr,sucB
Fnr,sucC
Fnr,sucD
Fnr,tap
Fnr,tar
Fnr,TdcA
Fnr,tdcB
Fnr,tdcC
Fnr,tdcD
Fnr,tdcE
Fnr,tdcF
Fnr,tdcG
Fnr,tpx
Fnr,trmD
Fnr,ubiA
Fnr,ubiC
Fnr,upp
Fnr,uraA
Fnr,uxaA
Fnr,uxaC
Fnr,viaA
Fnr,xdhA
Fnr,xdhB
Fnr,xdhC
Fnr,ybdN
Fnr,ybdZ
Fnr,ychO
Fnr,ydeJ
Fnr,ydhT
Fnr,ydhU
Fnr,ydhV
Fnr,ydhW
Fnr,ydhX
Fnr,ydhY
Fnr,yecR
Fnr,YeiL
Fnr,ygbA
Fnr,ymjE
Fnr,ynfE
Fnr,ynfF
Fnr,ynfG
Fnr,ynfH
Fnr,ysgA
Fnr,ytfE
Fnr,zwf
FabR,fabA
FabR,fabB
FadR,accA
FadR,AccB
FadR,accC
FadR,accD
FadR,fabA
FadR,fabB
FadR,fabD
FadR,fabG
FadR,fabH
FadR,fabI
FadR,fadA
FadR,fadB
FadR,fadD
FadR,fadE
FadR,fadH
FadR,fadI
FadR,fadJ
FadR,fadL
FadR,fadM
FadR,FadR
FadR,IclR
FadR,uspA
FeaR,feaB
FeaR,tynA
FhlA,fdhF
FhlA,FhlA
FhlA,focB
FhlA,hycA
FhlA,hycB
FhlA,hycC
FhlA,hycD
FhlA,hycE
FhlA,hycF
FhlA,hycG
FhlA,hycH
FhlA,hycI
FhlA,hydN
FhlA,hyfA
FhlA,hyfB
FhlA,hyfC
FhlA,hyfD
FhlA,hyfE
FhlA,hyfF
FhlA,hyfG
FhlA,hyfH
FhlA,hyfI
FhlA,hyfJ
FhlA,HyfR
FhlA,hypA
FhlA,hypB
FhlA,hypC
FhlA,hypD
FhlA,hypE
FhlA,hypF
Fis,acnB
Fis,acs
Fis,actP
Fis,adhE
Fis,alaT
Fis,alaU
Fis,alaV
Fis,alaW
Fis,alaX
Fis,aldB
Fis,ansB
Fis,apaG
Fis,apaH
Fis,argU
Fis,argW
Fis,argX
Fis,aspV
Fis,bglB
Fis,bglF
Fis,bglG
Fis,carA
Fis,carB
Fis,cbpA
Fis,cbpM
Fis,Crp
Fis,CRP-Sxy
Fis,CspA
Fis,cspI
Fis,cyoA
Fis,cyoB
Fis,cyoC
Fis,cyoD
Fis,cyoE
Fis,cysG
Fis,deoA
Fis,deoB
Fis,deoC
Fis,deoD
Fis,dmsA
Fis,dmsB
Fis,dmsC
Fis,DnaA
Fis,dnaN
Fis,dps
Fis,dusB
Fis,emrD
Fis,fadA
Fis,fadB
Fis,Fis
Fis,flxA
Fis,fumB
Fis,gadA
Fis,gadB
Fis,gadC
Fis,GadX
Fis,GlcC
Fis,glnA
Fis,NtrC
Fis,glnL
Fis,glnQ
Fis,glnU
Fis,glnV
Fis,glnW
Fis,glnX
Fis,glpA
Fis,glpB
Fis,glpC
Fis,glpQ
Fis,glpT
Fis,gltT
Fis,gltU
Fis,gltV
Fis,gltW
Fis,gltX
Fis,glyT
Fis,glyU
Fis,grcA
Fis,guaA
Fis,guaB
Fis,gyrA
Fis,gyrB
Fis,hisR
Fis,hlyE
Fis,H-NS
Fis,HU
Fis,hyaA
Fis,hyaB
Fis,hyaC
Fis,hyaD
Fis,hyaE
Fis,hyaF
Fis,ileT
Fis,ileU
Fis,ileV
Fis,infB
Fis,katE
Fis,leuP
Fis,leuQ
Fis,leuT
Fis,leuV
Fis,leuW
Fis,leuX
Fis,lpd
Fis,lysT
Fis,lysV
Fis,lysW
Fis,malE
Fis,malF
Fis,malG
Fis,malH
Fis,MarA
Fis,marB
Fis,MarR
Fis,MazE
Fis,MazE-MazF
Fis,mazG
Fis,metT
Fis,metU
Fis,metY
Fis,mglA
Fis,mglC
Fis,msrA
Fis,mtlA
Fis,mtlD
Fis,mtlR
Fis,nanA
Fis,nanE
Fis,nanK
Fis,nanQ
Fis,nanT
Fis,narG
Fis,narH
Fis,narI
Fis,narJ
Fis,narK
Fis,narS
Fis,nirB
Fis,nirC
Fis,nirD
Fis,nrdA
Fis,nrdB
Fis,nrfA
Fis,nrfB
Fis,nrfC
Fis,nrfD
Fis,nrfE
Fis,nrfF
Fis,nrfG
Fis,nuoA
Fis,nuoB
Fis,nuoC
Fis,nuoE
Fis,nuoF
Fis,nuoG
Fis,nuoH
Fis,nuoI
Fis,nuoJ
Fis,nuoK
Fis,nuoL
Fis,nuoM
Fis,nuoN
Fis,nusA
Fis,ogt
Fis,osmE
Fis,osmY
Fis,patA
Fis,pdxA
Fis,pflB
Fis,pheU
Fis,pheV
Fis,pnp
Fis,proK
Fis,proL
Fis,proM
Fis,proP
Fis,pyrD
Fis,queA
Fis,rbfA
Fis,recF
Fis,rimP
Fis,rplM
Fis,rpsI
Fis,rpsO
Fis,rrfA
Fis,rrfB
Fis,rrfC
Fis,rrfD
Fis,rrfE
Fis,rrfF
Fis,rrfG
Fis,rrfH
Fis,rrlA
Fis,rrlB
Fis,rrlC
Fis,rrlD
Fis,rrlE
Fis,rrlG
Fis,rrlH
Fis,rrsA
Fis,rrsB
Fis,rrsC
Fis,rrsD
Fis,rrsE
Fis,rrsG
Fis,rrsH
Fis,rsmA
Fis,serT
Fis,serX
Fis,sra
Fis,thrT
Fis,thrU
Fis,thrV
Fis,thrW
Fis,tpr
Fis,trg
Fis,trmA
Fis,truB
Fis,tufB
Fis,tyrT
Fis,tyrU
Fis,tyrV
Fis,valT
Fis,valU
Fis,valX
Fis,valY
Fis,xylF
Fis,xylG
Fis,xylH
Fis,XylR
Fis,yeaR
Fis,yfaE
Fis,yjcH
Fis,yoaG
FlhDC,ccmA
FlhDC,ccmB
FlhDC,ccmC
FlhDC,ccmD
FlhDC,ccmE
FlhDC,ccmF
FlhDC,ccmG
FlhDC,ccmH
FlhDC,flgA
FlhDC,flgB
FlhDC,flgC
FlhDC,flgD
FlhDC,flgE
FlhDC,flgF
FlhDC,flgG
FlhDC,flgH
FlhDC,flgI
FlhDC,flgJ
FlhDC,flgM
FlhDC,flgN
FlhDC,flhA
FlhDC,flhB
FlhDC,flhE
FlhDC,FliA
FlhDC,fliD
FlhDC,fliE
FlhDC,fliF
FlhDC,fliG
FlhDC,fliH
FlhDC,fliI
FlhDC,fliJ
FlhDC,fliK
FlhDC,fliL
FlhDC,fliM
FlhDC,fliN
FlhDC,fliO
FlhDC,fliP
FlhDC,fliQ
FlhDC,fliR
FlhDC,fliS
FlhDC,fliT
FlhDC,FliZ
FlhDC,glpA
FlhDC,glpB
FlhDC,glpC
FlhDC,gltI
FlhDC,gltJ
FlhDC,gltK
FlhDC,gltL
FlhDC,hydN
FlhDC,hypF
FlhDC,mdh
FlhDC,mglA
FlhDC,mglB
FlhDC,mglC
FlhDC,napA
FlhDC,napB
FlhDC,napC
FlhDC,napD
FlhDC,napF
FlhDC,napG
FlhDC,napH
FlhDC,nrfA
FlhDC,nrfB
FlhDC,nrfC
FlhDC,nrfD
FlhDC,nrfE
FlhDC,nrfF
FlhDC,nrfG
FlhDC,pdeH
FlhDC,ppdA
FlhDC,ppdB
FlhDC,ppdC
FlhDC,recC
FlhDC,sroC
FlhDC,tcyJ
FlhDC,ycgR
FlhDC,yecR
FlhDC,ygbK
FlhDC,ygdB
FliZ,csgA
FliZ,csgB
FliZ,csgC
FliZ,CsgD
FliZ,csgE
FliZ,csgF
FliZ,csgG
FliZ,FlhDC
FliZ,gadB
FliZ,gadC
FliZ,GadE
FliZ,GadE-RcsB
FliZ,gadF
FliZ,hdeA
FliZ,hdeB
FliZ,mdtE
FliZ,mdtF
FliZ,MlrA
FliZ,osmY
FliZ,pdeR
FliZ,yhiD
FrlR,frlA
FrlR,frlB
FrlR,frlC
FrlR,frlD
FrlR,FrlR
FucR,fucA
FucR,fucI
FucR,fucK
FucR,fucO
FucR,fucP
FucR,FucR
FucR,fucU
Fur,aspC
Fur,cirA
Fur,cyoA
Fur,cyoB
Fur,cyoC
Fur,cyoD
Fur,cyoE
Fur,entA
Fur,entB
Fur,entC
Fur,entD
Fur,entE
Fur,entF
Fur,entH
Fur,esrE
Fur,exbB
Fur,exbD
Fur,fecA
Fur,fecB
Fur,fecC
Fur,fecD
Fur,fecE
Fur,FecI
Fur,fecR
Fur,feoA
Fur,feoB
Fur,feoC
Fur,fepA
Fur,fepB
Fur,fepC
Fur,fepD
Fur,fepE
Fur,fepG
Fur,fes
Fur,fhuA
Fur,fhuB
Fur,fhuC
Fur,fhuD
Fur,fhuE
Fur,fhuF
Fur,fiu
Fur,FlhDC
Fur,Fnr
Fur,ftnA
Fur,fumB
Fur,fumC
Fur,Fur
Fur,garK
Fur,garL
Fur,garP
Fur,garR
Fur,glnD
Fur,gltB
Fur,gltD
Fur,gltF
Fur,gnd
Fur,gpmA
Fur,grcA
Fur,gspC
Fur,gspD
Fur,gspE
Fur,gspF
Fur,gspG
Fur,gspH
Fur,gspI
Fur,gspJ
Fur,gspK
Fur,gspL
Fur,gspM
Fur,gspO
Fur,hmp
Fur,katE
Fur,katG
Fur,metH
Fur,MetJ
Fur,mntH
Fur,mntP
Fur,Nac
Fur,ndh
Fur,nfeF
Fur,nohA
Fur,nrdE
Fur,nrdF
Fur,nrdH
Fur,nrdI
Fur,ompF
Fur,ompW
Fur,oppA
Fur,oppB
Fur,oppC
Fur,oppD
Fur,oppF
Fur,PurR
Fur,pyrC
Fur,rcnA
Fur,rcnB
Fur,rnpB
Fur,RpoS
Fur,ryhB
Fur,sdhA
Fur,sdhB
Fur,sdhC
Fur,sdhD
Fur,sdhX
Fur,sodA
Fur,SoxR
Fur,SoxS
Fur,stfQ
Fur,sucA
Fur,sucB
Fur,sucC
Fur,sucD
Fur,sufA
Fur,sufB
Fur,sufC
Fur,sufD
Fur,sufE
Fur,sufS
Fur,tfaQ
Fur,ybdZ
Fur,ygaC
Fur,yhhY
Fur,yjjZ
Fur,zinT
Fur,zwf
GadE,cyoA
GadE,cyoB
GadE,cyoC
GadE,cyoD
GadE,cyoE
GadE,fabZ
GadE,fliC
GadE,fliX
GadE,gadB
GadE,gadC
GadE,GadE
GadE,GadE-RcsB
GadE,gadF
GadE,GadW
GadE,GadX
GadE,gltB
GadE,gltD
GadE,gltF
GadE,gnd
GadE,hdeA
GadE,hdeB
GadE,hdeD
GadE,lpxA
GadE,lpxD
GadE,Lrp
GadE,mdtE
GadE,mdtF
GadE,purA
GadE,RcsAB
GadE,skp
GadE,yhiD
GadE,yhiM
GadE,yjbQ
GadE,yjbR
GadE-RcsB,adiC
GadE-RcsB,aslB
GadE-RcsB,cadA
GadE-RcsB,cadB
GadE-RcsB,dctR
GadE-RcsB,gadA
GadE-RcsB,GadX
GadE-RcsB,slp
GadE-RcsB,yhiM
GadW,dctR
GadW,GadE
GadW,GadE-RcsB
GadW,gadF
GadW,GadW
GadW,gadY
GadW,mdtE
GadW,mdtF
GadW,slp
GadX,amtB
GadX,asnB
GadX,btuB
GadX,cadA
GadX,cadB
GadX,dctR
GadX,dtpA
GadX,gadA
GadX,gadB
GadX,gadC
GadX,GadE
GadX,GadE-RcsB
GadX,gadF
GadX,GadX
GadX,gadY
GadX,glnK
GadX,glsA
GadX,hdeD
GadX,H-NS
GadX,lon
GadX,mdtE
GadX,mdtF
GadX,murI
GadX,RpoS
GadX,slp
GadX,speG
GadX,uspE
GadX,ybaT
GadX,ydeM
GadX,ydeN
GadX,ynfB
GalR,galP
GalR,GalR
GalR,GalS
GalR,mglA
GalR,mglB
GalR,mglC
GalS,galP
GalS,GalR
GalS,GalS
GalS,mglA
GalS,mglB
GalS,mglC
GatR,gatA
GatR,gatB
GatR,gatD
GatR,gatY
GatR,gatZ
GcvA,GcvA
GcvA,gcvB
GlaR,gabD
GlaR,gabP
GlaR,gabT
GlaR,glaH
GlaR,lhgD
GlcC,glcA
GlcC,glcB
GlcC,GlcC
GlcC,glcD
GlcC,glcE
GlcC,glcF
GlcC,glcG
GlpR,glpA
GlpR,glpB
GlpR,glpC
GlpR,glpD
GlpR,glpF
GlpR,glpK
GlpR,glpQ
GlpR,glpT
GlpR,glpX
GlrR,glmY
GlrR,RpoE
GlrR,rseA
GlrR,rseB
GlrR,rseC
GlrR,rseD
GntR,eda
GntR,edd
GntR,gntK
GntR,gntT
GntR,gntU
GntR,idnD
GntR,idnK
GntR,idnO
GntR,IdnR
GntR,idnT
GntR,nfuA
GntR,yhgH
GutM,GutM
GutM,gutQ
GutM,srlA
GutM,srlB
GutM,srlD
GutM,srlE
GutM,SrlR
H-NS,acrE
H-NS,acrF
H-NS,adeD
H-NS,adiA
H-NS,AdiY
H-NS,alaU
H-NS,alaV
H-NS,AppY
H-NS,asr
H-NS,bglB
H-NS,bglF
H-NS,bglG
H-NS,RcsB-BglJ
H-NS,BolA
H-NS,cadA
H-NS,cadB
H-NS,CadC
H-NS,caiA
H-NS,caiB
H-NS,caiC
H-NS,caiD
H-NS,caiE
H-NS,CaiF
H-NS,caiT
H-NS,cas1
H-NS,cas2
H-NS,casA
H-NS,casB
H-NS,casC
H-NS,casD
H-NS,casE
H-NS,chiA
H-NS,cmoM
H-NS,CsgD
H-NS,csgE
H-NS,csgF
H-NS,csgG
H-NS,csiE
H-NS,CspA
H-NS,cspD
H-NS,cydA
H-NS,cydB
H-NS,cysA
H-NS,cysG
H-NS,cysM
H-NS,cysP
H-NS,cysU
H-NS,cysW
H-NS,dctR
H-NS,degP
H-NS,dps
H-NS,entF
H-NS,EvgA
H-NS,evgS
H-NS,fau
H-NS,fepE
H-NS,fes
H-NS,fimA
H-NS,fimB
H-NS,fimC
H-NS,fimD
H-NS,fimE
H-NS,fimF
H-NS,fimG
H-NS,fimH
H-NS,fimI
H-NS,FlhDC
H-NS,FliA
H-NS,fliC
H-NS,fliX
H-NS,FliZ
H-NS,ftnA
H-NS,gabD
H-NS,gabP
H-NS,gabT
H-NS,gadA
H-NS,GadE
H-NS,GadE-RcsB
H-NS,gadF
H-NS,GadW
H-NS,GadX
H-NS,galE
H-NS,galK
H-NS,galM
H-NS,galT
H-NS,garK
H-NS,garL
H-NS,garP
H-NS,garR
H-NS,glaH
H-NS,gltT
H-NS,gltU
H-NS,gltW
H-NS,gspA
H-NS,gspB
H-NS,gspC
H-NS,gspD
H-NS,gspE
H-NS,gspF
H-NS,gspG
H-NS,gspH
H-NS,gspI
H-NS,gspJ
H-NS,gspK
H-NS,gspL
H-NS,gspM
H-NS,gspO
H-NS,GutM
H-NS,gutQ
H-NS,hchA
H-NS,hdeA
H-NS,hdeB
H-NS,hdeD
H-NS,HdfR
H-NS,hisJ
H-NS,hisM
H-NS,hisP
H-NS,hisQ
H-NS,H-NS
H-NS,ileU
H-NS,ileV
H-NS,ilvH
H-NS,ilvI
H-NS,lacA
H-NS,lacY
H-NS,lacZ
H-NS,LeuO
H-NS,lhgD
H-NS,Lrp
H-NS,malE
H-NS,malF
H-NS,malG
H-NS,malH
H-NS,MazE
H-NS,MazE-MazF
H-NS,mdtE
H-NS,mdtF
H-NS,mdtI
H-NS,mdtJ
H-NS,mdtU
H-NS,micF
H-NS,mukB
H-NS,mukE
H-NS,mukF
H-NS,nhaA
H-NS,NhaR
H-NS,nirB
H-NS,nirC
H-NS,nirD
H-NS,nrdA
H-NS,nrdB
H-NS,nrdD
H-NS,nrdG
H-NS,osmC
H-NS,proV
H-NS,proW
H-NS,proX
H-NS,RcsAB
H-NS,RcsB
H-NS,rcsD
H-NS,relA
H-NS,rnpB
H-NS,rrfB
H-NS,rrfC
H-NS,rrfD
H-NS,rrfF
H-NS,rrfG
H-NS,rrfH
H-NS,rrlB
H-NS,rrlC
H-NS,rrlD
H-NS,rrlG
H-NS,rrlH
H-NS,rrsB
H-NS,rrsC
H-NS,rrsD
H-NS,rrsG
H-NS,rrsH
H-NS,slp
H-NS,srlA
H-NS,srlB
H-NS,srlD
H-NS,srlE
H-NS,SrlR
H-NS,ssrS
H-NS,StpA
H-NS,tcyJ
H-NS,thrV
H-NS,ybdZ
H-NS,yciE
H-NS,yciF
H-NS,yciG
H-NS,YdeO
H-NS,ydeP
H-NS,yfaE
H-NS,yhiD
H-NS,yhiM
H-NS,yjjP
H-NS,YjjQ
HU,galE
HU,galK
HU,galM
HU,galT
HU,micF
HU,mtr
HU,pgm
HU,seqA
HU,tyrP
HcaR,hcaB
HcaR,hcaC
HcaR,hcaD
HcaR,hcaE
HcaR,hcaF
HcaR,HcaR
HdfR,FlhDC
HdfR,gltB
HdfR,gltD
HdfR,gltF
HicB,hicA
HicB,HicB
HigA,HigA
HigA,HigBA
HigBA,HigA
HigBA,HigBA
HipAB,HipAB
HipAB,HipB
HipAB,MazE
HipAB,MazE-MazF
HipAB,relA
HipB,fadH
HipB,HipAB
HipB,HipB
HipB,MazE
HipB,MazE-MazF
HipB,relA
HprR,cusA
HprR,cusB
HprR,cusC
HprR,cusF
HprR,CusR
HprR,cusS
HprR,cyoA
HprR,cyoB
HprR,cyoC
HprR,cyoD
HprR,cyoE
HprR,hiuH
HyfR,focB
HyfR,hyfA
HyfR,hyfB
HyfR,hyfC
HyfR,hyfD
HyfR,hyfE
HyfR,hyfF
HyfR,hyfG
HyfR,hyfH
HyfR,hyfI
HyfR,hyfJ
HyfR,HyfR
HypT,cydA
HypT,cydB
HypT,cysH
HypT,fecA
HypT,fecB
HypT,fecC
HypT,fecD
HypT,fecE
HypT,metB
HypT,metI
HypT,metL
HypT,metN
HypT,metQ
IHF,aceA
IHF,aceB
IHF,aceK
IHF,acs
IHF,actP
IHF,adiA
IHF,amiA
IHF,atoA
IHF,atoB
IHF,atoD
IHF,atoE
IHF,CsgD
IHF,csgE
IHF,csgF
IHF,csgG
IHF,csrB
IHF,cysH
IHF,cysI
IHF,cysJ
IHF,dcuD
IHF,dmsA
IHF,dmsB
IHF,dmsC
IHF,dppA
IHF,dppB
IHF,dppC
IHF,dppD
IHF,dppF
IHF,dps
IHF,dusB
IHF,envZ
IHF,FhlA
IHF,fimA
IHF,fimB
IHF,fimC
IHF,fimD
IHF,fimF
IHF,fimG
IHF,fimH
IHF,fimI
IHF,Fis
IHF,FlhDC
IHF,FliA
IHF,FliZ
IHF,Fnr
IHF,focA
IHF,folA
IHF,gcd
IHF,glcA
IHF,glcB
IHF,glcD
IHF,glcE
IHF,glcF
IHF,glcG
IHF,glmY
IHF,glnH
IHF,glnP
IHF,glnQ
IHF,glpQ
IHF,glpT
IHF,gltA
IHF,gltB
IHF,gltD
IHF,gltF
IHF,hemA
IHF,hemF
IHF,HipAB
IHF,HipB
IHF,hpt
IHF,htrE
IHF,hycA
IHF,hycB
IHF,hycC
IHF,hycD
IHF,hycE
IHF,hycF
IHF,hycG
IHF,hycH
IHF,hycI
IHF,hypA
IHF,hypB
IHF,hypC
IHF,hypD
IHF,hypE
IHF,ibpB
IHF,IHF
IHF,lyxK
IHF,micF
IHF,mtr
IHF,narG
IHF,narH
IHF,narI
IHF,narJ
IHF,narK
IHF,narS
IHF,ndh
IHF,nuoA
IHF,nuoB
IHF,nuoC
IHF,nuoE
IHF,nuoF
IHF,nuoG
IHF,nuoH
IHF,nuoI
IHF,nuoJ
IHF,nuoK
IHF,nuoL
IHF,nuoM
IHF,nuoN
IHF,ompC
IHF,OmpR
IHF,osmE
IHF,osmY
IHF,paaA
IHF,paaB
IHF,paaC
IHF,paaD
IHF,paaE
IHF,paaF
IHF,paaG
IHF,paaH
IHF,paaI
IHF,paaJ
IHF,paaK
IHF,paaZ
IHF,patA
IHF,pflB
IHF,phoU
IHF,PlaR
IHF,prfA
IHF,prmC
IHF,proV
IHF,proW
IHF,proX
IHF,pspA
IHF,pspB
IHF,pspC
IHF,pspD
IHF,pspE
IHF,pspG
IHF,pspH
IHF,pstA
IHF,pstB
IHF,pstC
IHF,pstS
IHF,RpoE
IHF,RpoH
IHF,rseA
IHF,rseB
IHF,rseC
IHF,rseD
IHF,rtcA
IHF,rtcB
IHF,sdhX
IHF,sgbE
IHF,sgbH
IHF,sgbU
IHF,sodA
IHF,sodB
IHF,sra
IHF,sucA
IHF,sucB
IHF,sucC
IHF,sucD
IHF,sufA
IHF,sufB
IHF,sufC
IHF,sufD
IHF,sufE
IHF,sufS
IHF,tcyJ
IHF,TdcA
IHF,tdcB
IHF,tdcC
IHF,tdcD
IHF,tdcE
IHF,tdcF
IHF,tdcG
IHF,tyrP
IHF,ubiA
IHF,ubiC
IHF,ulaA
IHF,ulaB
IHF,ulaC
IHF,ulaD
IHF,ulaE
IHF,ulaF
IHF,ulaG
IHF,uspA
IHF,uspB
IHF,yadV
IHF,YeiL
IHF,yiaK
IHF,yiaL
IHF,yiaM
IHF,yiaN
IHF,yiaO
IHF,yjbE
IHF,yjbF
IHF,yjbG
IHF,yjbH
IHF,yjcH
IclR,aceA
IclR,aceB
IclR,aceK
IclR,IclR
IdnR,gntK
IdnR,gntU
IdnR,idnD
IdnR,idnK
IdnR,idnO
IdnR,IdnR
IdnR,idnT
IlvY,ilvC
IlvY,IlvY
IscR,erpA
IscR,hyaA
IscR,hyaB
IscR,hyaC
IscR,hyaD
IscR,hyaE
IscR,hyaF
IscR,iscA
IscR,IscR
IscR,iscS
IscR,iscU
IscR,napA
IscR,napB
IscR,napC
IscR,napD
IscR,napF
IscR,napG
IscR,napH
IscR,nfuA
IscR,nrdE
IscR,nrdF
IscR,nrdH
IscR,nrdI
IscR,rnlA
IscR,rnlB
IscR,selO
IscR,sufA
IscR,sufB
IscR,sufC
IscR,sufD
IscR,sufE
IscR,sufS
KdgR,eda
KdgR,edd
KdpE,kdpA
KdpE,kdpB
KdpE,kdpC
KdpE,kdpF
LacI,lacA
LacI,lacY
LacI,lacZ
LeuO,bglB
LeuO,bglF
LeuO,bglG
LeuO,RcsB-BglJ
LeuO,CadC
LeuO,cas1
LeuO,cas2
LeuO,casA
LeuO,casB
LeuO,casC
LeuO,casD
LeuO,casE
LeuO,dsrA
LeuO,leuA
LeuO,leuB
LeuO,leuC
LeuO,leuD
LeuO,leuL
LeuO,YjjQ
LexA,cho
LexA,ddlB
LexA,dinB
LexA,dinD
LexA,dinF
LexA,dinG
LexA,dinI
LexA,DinJ-YafQ
LexA,dinQ
LexA,dnaG
LexA,ftsA
LexA,ftsI
LexA,ftsK
LexA,ftsL
LexA,ftsQ
LexA,ftsW
LexA,ftsZ
LexA,hokE
LexA,insK
LexA,LexA
LexA,lpxC
LexA,mraY
LexA,murC
LexA,murD
LexA,murE
LexA,murF
LexA,murG
LexA,phr
LexA,polB
LexA,ptrA
LexA,recA
LexA,recB
LexA,recD
LexA,recN
LexA,recQ
LexA,recX
LexA,RpoD
LexA,rpsU
LexA,ruvA
LexA,ruvB
LexA,sbmC
LexA,ssb
LexA,sulA
LexA,symE
LexA,tisB
LexA,umuC
LexA,umuD
LexA,uvrA
LexA,uvrB
LexA,uvrC
LexA,uvrD
LexA,UvrY
LexA,yafN
LexA,yafO
LexA,yafP
LexA,ybfE
LexA,ybiB
LexA,ydjM
LexA,yebG
LexA,yehF
LrhA,fimE
LrhA,FlhDC
LrhA,LeuO
LrhA,LrhA
Lrp,adhE
Lrp,AidB
Lrp,alaA
Lrp,alaE
Lrp,alaT
Lrp,alaU
Lrp,alaV
Lrp,argO
Lrp,aroA
Lrp,avtA
Lrp,cadA
Lrp,cadB
Lrp,dadA
Lrp,dadX
Lrp,fau
Lrp,fimA
Lrp,fimC
Lrp,fimD
Lrp,fimE
Lrp,fimF
Lrp,fimG
Lrp,fimH
Lrp,fimI
Lrp,gabD
Lrp,gabP
Lrp,gabT
Lrp,gcvH
Lrp,gcvP
Lrp,gcvT
Lrp,glaH
Lrp,gltB
Lrp,gltD
Lrp,gltF
Lrp,gltT
Lrp,gltU
Lrp,gltV
Lrp,gltW
Lrp,hdeA
Lrp,hdeB
Lrp,ileT
Lrp,ileU
Lrp,ileV
Lrp,ilvA
Lrp,ilvD
Lrp,ilvE
Lrp,ilvL
Lrp,ilvM
Lrp,ilvX
Lrp,kbl
Lrp,leuE
Lrp,lhgD
Lrp,livF
Lrp,livG
Lrp,livH
Lrp,livJ
Lrp,livK
Lrp,livM
Lrp,Lrp
Lrp,lysP
Lrp,lysU
Lrp,MalT
Lrp,micF
Lrp,ompC
Lrp,oppA
Lrp,oppB
Lrp,oppC
Lrp,oppD
Lrp,oppF
Lrp,osmY
Lrp,ridA
Lrp,rrfA
Lrp,rrfB
Lrp,rrfC
Lrp,rrfD
Lrp,rrfE
Lrp,rrfF
Lrp,rrfG
Lrp,rrfH
Lrp,rrlA
Lrp,rrlB
Lrp,rrlC
Lrp,rrlD
Lrp,rrlE
Lrp,rrlG
Lrp,rrlH
Lrp,rrsA
Lrp,rrsB
Lrp,rrsC
Lrp,rrsD
Lrp,rrsE
Lrp,rrsG
Lrp,rrsH
Lrp,sdaA
Lrp,serC
Lrp,ssrS
Lrp,StpA
Lrp,tdh
Lrp,thrV
Lrp,YeiL
Lrp,yhiD
Lrp,yojI
LsrR,lsrA
LsrR,lsrB
LsrR,lsrC
LsrR,lsrD
LsrR,lsrF
LsrR,lsrG
LsrR,lsrK
LsrR,LsrR
LsrR,tam
LysR,lysA
LysR,LysR
MalI,MalI
MalI,malX
MalI,malY
MalT,lamB
MalT,malE
MalT,malF
MalT,malG
MalT,malH
MalT,malK
MalT,malM
MalT,malP
MalT,malQ
MalT,malS
MalT,malZ
MarA,acnA
MarA,acrA
MarA,acrB
MarA,acrZ
MarA,aldA
MarA,ariR
MarA,dctR
MarA,DecR
MarA,fpr
MarA,fumC
MarA,hdeA
MarA,hdeB
MarA,inaA
MarA,lacA
MarA,lacY
MarA,lacZ
MarA,MarA
MarA,marB
MarA,MarR
MarA,micF
MarA,mlaB
MarA,mlaC
MarA,mlaD
MarA,mlaE
MarA,mlaF
MarA,nfo
MarA,nfsA
MarA,nfsB
MarA,poxB
MarA,pqiA
MarA,pqiB
MarA,pqiC
MarA,purA
MarA,PutA
MarA,rimK
MarA,Rob
MarA,slp
MarA,sodA
MarA,tolC
MarA,waaY
MarA,waaZ
MarA,xseA
MarA,ybjC
MarA,ybjN
MarA,ycgZ
MarA,ygiB
MarA,ygiC
MarA,yhiD
MarA,ymgA
MarA,ymgC
MarA,yncE
MarA,zwf
MarR,MarA
MarR,marB
MarR,MarR
EcpR,ecpA
EcpR,FlhDC
EcpR,FliA
EcpR,fliC
EcpR,fliX
EcpR,FliZ
EcpR,EcpR
EcpR,tcyJ
MazE,MazE
MazE,MazE-MazF
MazE,mazG
MazE-MazF,MazE
MazE-MazF,MazE-MazF
MazE-MazF,mazG
McbR,mcbA
McbR,rmf
McbR,rsd
McbR,yciE
McbR,yciF
McbR,yciG
MetJ,ahpC
MetJ,ahpF
MetJ,folE
MetJ,metA
MetJ,metB
MetJ,metC
MetJ,metE
MetJ,metF
MetJ,metI
MetJ,metK
MetJ,metL
MetJ,metN
MetJ,metQ
MetJ,MetR
MetJ,yeiB
MetR,hmp
MetR,metE
MetR,metH
MetR,MetR
MhpR,mhpA
MhpR,mhpB
MhpR,mhpC
MhpR,mhpD
MhpR,mhpE
MhpR,mhpF
Mlc,bidA
Mlc,crr
Mlc,MalT
Mlc,manX
Mlc,manY
Mlc,manZ
Mlc,Mlc
Mlc,ptsG
Mlc,ptsH
Mlc,ptsI
MlrA,CadC
MlrA,CsgD
MlrA,csgE
MlrA,csgF
MlrA,csgG
MlrA,ibaG
MlrA,obgE
MlrA,rplU
MlrA,rpmA
MlrA,yhbE
MngR,mngA
MngR,mngB
MngR,MngR
MntR,dps
MntR,mntH
MntR,mntP
MntR,mntS
MntR,rybA
ModE,ccmA
ModE,ccmB
ModE,ccmC
ModE,ccmD
ModE,ccmE
ModE,ccmF
ModE,ccmG
ModE,ccmH
ModE,deoA
ModE,deoB
ModE,deoC
ModE,deoD
ModE,dmsA
ModE,dmsB
ModE,dmsC
ModE,hycA
ModE,hycB
ModE,hycC
ModE,hycD
ModE,hycE
ModE,hycF
ModE,hycG
ModE,hycH
ModE,hycI
ModE,moaA
ModE,moaB
ModE,moaC
ModE,moaD
ModE,moaE
ModE,modA
ModE,modB
ModE,modC
ModE,napA
ModE,napB
ModE,napC
ModE,napD
ModE,napF
ModE,napG
ModE,napH
ModE,NarL
ModE,narX
ModE,oppA
ModE,oppB
ModE,oppC
ModE,oppD
ModE,oppF
MprA,acrA
MprA,acrB
MprA,emrA
MprA,emrB
MprA,MprA
MqsA,CsgD
MqsA,csgE
MqsA,csgF
MqsA,csgG
MqsA,cspD
MqsA,MqsA
MqsA,mqsR
MqsA,RpoS
MraZ,ddlB
MraZ,ftsA
MraZ,ftsI
MraZ,ftsL
MraZ,ftsQ
MraZ,ftsW
MraZ,ftsZ
MraZ,lpxC
MraZ,mioC
MraZ,mraY
MraZ,MraZ
MraZ,murC
MraZ,murD
MraZ,murE
MraZ,murF
MraZ,murG
MraZ,rsmH
MurR,murP
MurR,murQ
Nac,AsnC
Nac,codA
Nac,codB
Nac,FeaR
Nac,gabD
Nac,gabP
Nac,gabT
Nac,gdhA
Nac,gltB
Nac,gltD
Nac,gltF
Nac,mioC
Nac,mnmG
Nac,Nac
Nac,nupC
Nac,patD
Nac,serA
Nac,ydcS
Nac,ydcT
Nac,ydcU
Nac,ydcV
NadR,nadA
NadR,nadB
NadR,pncB
NadR,pnuC
NagC,chbA
NagC,chbB
NagC,chbC
NagC,chbF
NagC,chbG
NagC,ChbR
NagC,chiP
NagC,chiQ
NagC,chiZ
NagC,creA
NagC,CreB
NagC,creC
NagC,creD
NagC,crr
NagC,dinI
NagC,feoA
NagC,feoB
NagC,feoC
NagC,fimB
NagC,galP
NagC,manX
NagC,manY
NagC,manZ
NagC,nagA
NagC,nagB
NagC,NagC
NagC,nagE
NagC,nanC
NagC,nanM
NagC,nanS
NagC,ptsH
NagC,ptsI
NagC,umpH
NagC,ydeM
NagC,ydeN
NagC,ydeP
NanR,fimB
NanR,nanA
NanR,nanC
NanR,nanE
NanR,nanK
NanR,nanM
NanR,nanQ
NanR,nanS
NanR,nanT
NanR,nanX
NanR,nanY
NarL,adhE
NarL,aspA
NarL,CaiF
NarL,ccmA
NarL,ccmB
NarL,ccmC
NarL,ccmD
NarL,ccmE
NarL,ccmF
NarL,ccmG
NarL,ccmH
NarL,citC
NarL,citD
NarL,citE
NarL,citF
NarL,citG
NarL,citX
NarL,cydC
NarL,cydD
NarL,cysG
NarL,dcuA
NarL,dcuB
NarL,DcuR
NarL,dcuS
NarL,dmsA
NarL,dmsB
NarL,dmsC
NarL,dmsD
NarL,DpiA
NarL,dpiB
NarL,fdhF
NarL,fdnG
NarL,fdnH
NarL,fdnI
NarL,focA
NarL,frdA
NarL,frdB
NarL,frdC
NarL,frdD
NarL,fumB
NarL,hcp
NarL,hcr
NarL,hyaA
NarL,hyaB
NarL,hyaC
NarL,hyaD
NarL,hyaE
NarL,hyaF
NarL,hybA
NarL,hybB
NarL,hybC
NarL,hybD
NarL,hybE
NarL,hybF
NarL,hybG
NarL,hybO
NarL,moeA
NarL,moeB
NarL,napA
NarL,napB
NarL,napC
NarL,napD
NarL,napF
NarL,napG
NarL,napH
NarL,narG
NarL,narH
NarL,narI
NarL,narJ
NarL,narK
NarL,narS
NarL,nikA
NarL,nikB
NarL,nikC
NarL,nikD
NarL,nikE
NarL,NikR
NarL,nirB
NarL,nirC
NarL,nirD
NarL,norV
NarL,norW
NarL,nuoA
NarL,nuoB
NarL,nuoC
NarL,nuoE
NarL,nuoF
NarL,nuoG
NarL,nuoH
NarL,nuoI
NarL,nuoJ
NarL,nuoK
NarL,nuoL
NarL,nuoM
NarL,nuoN
NarL,ogt
NarL,ompW
NarL,pflB
NarL,poxB
NarL,torA
NarL,torC
NarL,torD
NarL,ubiA
NarL,ubiC
NarL,ydeP
NarL,ydhT
NarL,ydhU
NarL,ydhV
NarL,ydhW
NarL,ydhX
NarL,ydhY
NarL,yeaR
NarL,ynfE
NarL,ynfF
NarL,ynfG
NarL,ynfH
NarL,yoaG
NarL,ytfE
NarP,cysG
NarP,fdhF
NarP,fdnG
NarP,fdnH
NarP,fdnI
NarP,hcp
NarP,hcr
NarP,hyaA
NarP,hyaB
NarP,hyaC
NarP,hyaD
NarP,hyaE
NarP,hyaF
NarP,nirB
NarP,nirC
NarP,nirD
NarP,norV
NarP,norW
NarP,nrfA
NarP,nrfB
NarP,nrfC
NarP,nrfD
NarP,nrfE
NarP,nrfF
NarP,nrfG
NarP,poxB
NarP,ydeP
NarP,ydhT
NarP,ydhU
NarP,ydhV
NarP,ydhW
NarP,ydhX
NarP,ydhY
NarP,yeaR
NarP,yoaG
NarP,ytfE
NemR,gloA
NemR,nemA
NemR,NemR
NfeR,nfeF
NfeR,NfeR
NhaR,nhaA
NhaR,NhaR
NhaR,osmC
NhaR,pgaA
NhaR,pgaB
NhaR,pgaC
NhaR,pgaD
NikR,nikA
NikR,nikB
NikR,nikC
NikR,nikD
NikR,nikE
NikR,NikR
NimR,NimR
NimR,nimT
NorR,NorR
NorR,norV
NorR,norW
NrdR,nrdA
NrdR,nrdB
NrdR,nrdD
NrdR,nrdE
NrdR,nrdF
NrdR,nrdG
NrdR,nrdH
NrdR,nrdI
NrdR,yfaE
NsrR,aceE
NsrR,aceF
NsrR,bamE
NsrR,bdcA
NsrR,cdd
NsrR,dkgB
NsrR,DsdC
NsrR,feaB
NsrR,FeaR
NsrR,FhlA
NsrR,FliA
NsrR,FliZ
NsrR,grxD
NsrR,hcp
NsrR,hcr
NsrR,hmp
NsrR,hycA
NsrR,hycB
NsrR,hycC
NsrR,hycD
NsrR,hycE
NsrR,hycF
NsrR,hycG
NsrR,hycH
NsrR,hycI
NsrR,hypA
NsrR,hypB
NsrR,hypC
NsrR,hypD
NsrR,hypE
NsrR,IHF
NsrR,infC
NsrR,Lrp
NsrR,mepH
NsrR,mhpT
NsrR,moeA
NsrR,moeB
NsrR,ndh
NsrR,NorR
NsrR,nrfA
NsrR,nrfB
NsrR,nrfC
NsrR,nrfD
NsrR,nrfE
NsrR,nrfF
NsrR,nrfG
NsrR,pgpC
NsrR,pheM
NsrR,pheS
NsrR,pheT
NsrR,poxB
NsrR,rfe
NsrR,rffC
NsrR,rffG
NsrR,rffH
NsrR,rffM
NsrR,rplT
NsrR,rpmI
NsrR,rybB
NsrR,sodB
NsrR,sufA
NsrR,sufB
NsrR,sufC
NsrR,sufD
NsrR,sufE
NsrR,sufS
NsrR,tadA
NsrR,tcyJ
NsrR,tehA
NsrR,tehB
NsrR,thrS
NsrR,tsgA
NsrR,waaH
NsrR,wecB
NsrR,wecC
NsrR,wecE
NsrR,wecF
NsrR,wzxE
NsrR,wzyE
NsrR,wzzE
NsrR,ydbD
NsrR,yeaE
NsrR,yeaR
NsrR,ygbA
NsrR,yoaG
NsrR,ytfE
NtrC,amtB
NtrC,argT
NtrC,astA
NtrC,astB
NtrC,astC
NtrC,astD
NtrC,astE
NtrC,Cbl
NtrC,ddpA
NtrC,ddpB
NtrC,ddpC
NtrC,ddpD
NtrC,ddpF
NtrC,ddpX
NtrC,glnK
NtrC,hisJ
NtrC,hisM
NtrC,hisP
NtrC,hisQ
NtrC,Nac
NtrC,patA
NtrC,potF
NtrC,potG
NtrC,potH
NtrC,potI
NtrC,relA
NtrC,RpoE
NtrC,rseA
NtrC,rseB
NtrC,rseC
NtrC,rseD
NtrC,rutA
NtrC,rutB
NtrC,rutC
NtrC,rutD
NtrC,rutE
NtrC,rutF
NtrC,rutG
NtrC,yeaG
NtrC,yeaH
NtrC,yhdX
NtrC,yhdY
NtrC,yhdZ
OmpR,BolA
OmpR,cadA
OmpR,cadB
OmpR,CadC
OmpR,CsgD
OmpR,csgE
OmpR,csgF
OmpR,csgG
OmpR,dtpA
OmpR,ecnB
OmpR,fadL
OmpR,feoA
OmpR,feoB
OmpR,feoC
OmpR,FlhDC
OmpR,micF
OmpR,ompC
OmpR,omrA
OmpR,omrB
OmpR,pgaA
OmpR,pgaB
OmpR,pgaC
OmpR,pgaD
OmpR,sra
OxyR,ahpC
OxyR,ahpF
OxyR,ccp
OxyR,dps
OxyR,dsbG
OxyR,fhuF
OxyR,flu
OxyR,Fur
OxyR,gntP
OxyR,gor
OxyR,grxA
OxyR,hcp
OxyR,hcr
OxyR,hemF
OxyR,hemH
OxyR,isrC
OxyR,katG
OxyR,metE
OxyR,MetR
OxyR,mntH
OxyR,nfsA
OxyR,OxyR
OxyR,oxyS
OxyR,poxB
OxyR,rimK
OxyR,sufA
OxyR,sufB
OxyR,sufC
OxyR,sufD
OxyR,sufE
OxyR,sufS
OxyR,trxC
OxyR,uof
OxyR,uxuA
OxyR,uxuB
OxyR,ybjC
OxyR,ybjN
OxyR,ychF
OxyR,yjjZ
OxyR,zinT
OxyR,znuA
OxyR,znuB
OxyR,znuC
PaaX,paaA
PaaX,paaB
PaaX,paaC
PaaX,paaD
PaaX,paaE
PaaX,paaF
PaaX,paaG
PaaX,paaH
PaaX,paaI
PaaX,paaJ
PaaX,paaK
PaaX,PaaX
PaaX,paaY
PaaX,paaZ
PdeL,fliF
PdeL,fliG
PdeL,fliH
PdeL,fliI
PdeL,fliJ
PdeL,fliK
PdeL,PdeL
PdhR,aceE
PdhR,aceF
PdhR,cyoA
PdhR,cyoB
PdhR,cyoC
PdhR,cyoD
PdhR,cyoE
PdhR,ddlB
PdhR,fecA
PdhR,fecB
PdhR,fecC
PdhR,fecD
PdhR,fecE
PdhR,ftsA
PdhR,ftsI
PdhR,ftsL
PdhR,ftsQ
PdhR,ftsW
PdhR,ftsZ
PdhR,glcA
PdhR,glcB
PdhR,glcD
PdhR,glcE
PdhR,glcF
PdhR,glcG
PdhR,grcA
PdhR,hemL
PdhR,hha
PdhR,lpd
PdhR,lpxC
PdhR,mraY
PdhR,MraZ
PdhR,murC
PdhR,murD
PdhR,murE
PdhR,murF
PdhR,murG
PdhR,ndh
PdhR,PdhR
PdhR,rsmH
PdhR,tomB
PepA,carA
PepA,carB
PepA,PepA
PgrR,mpaA
PgrR,TyrR
PgrR,ycjF
PgrR,ycjG
PgrR,ycjX
PgrR,ycjY
PgrR,ymjC
PgrR,ymjD
PhoB,adiC
PhoB,amn
PhoB,ArgP
PhoB,asr
PhoB,Cra
PhoB,cusA
PhoB,cusB
PhoB,cusC
PhoB,cusF
PhoB,CusR
PhoB,cusS
PhoB,eda
PhoB,FeaR
PhoB,GadW
PhoB,GadX
PhoB,hiuH
PhoB,mipA
PhoB,ompF
PhoB,phnC
PhoB,phnD
PhoB,phnF
PhoB,phnG
PhoB,phnH
PhoB,phnI
PhoB,phnJ
PhoB,phnK
PhoB,phnL
PhoB,phnM
PhoB,phnN
PhoB,phnO
PhoB,phnP
PhoB,phoA
PhoB,PhoB
PhoB,phoE
PhoB,phoH
PhoB,phoQ
PhoB,phoR
PhoB,phoU
PhoB,pitB
PhoB,PrpR
PhoB,psiE
PhoB,psiF
PhoB,pstA
PhoB,pstB
PhoB,pstC
PhoB,pstS
PhoB,rcdB
PhoB,RspR
PhoB,sbcC
PhoB,sbcD
PhoB,tktB
PhoB,waaH
PhoB,yegH
PhoB,ytfK
PhoP,acrA
PhoP,acrB
PhoP,argD
PhoP,borD
PhoP,clpS
PhoP,CysB
PhoP,dcuD
PhoP,fadL
PhoP,GadE
PhoP,GadE-RcsB
PhoP,gadF
PhoP,GadW
PhoP,glgA
PhoP,glgB
PhoP,glgC
PhoP,glgP
PhoP,glgX
PhoP,hdeA
PhoP,hdeB
PhoP,hdeD
PhoP,hemL
PhoP,iraM
PhoP,malS
PhoP,metB
PhoP,metL
PhoP,mgrB
PhoP,mgrR
PhoP,mgtA
PhoP,mgtL
PhoP,mgtS
PhoP,nagA
PhoP,ompT
PhoP,pagP
PhoP,purD
PhoP,purH
PhoP,RstA
PhoP,rstB
PhoP,rutA
PhoP,rutB
PhoP,rutC
PhoP,rutD
PhoP,rutE
PhoP,rutF
PhoP,rutG
PhoP,safA
PhoP,tolC
PhoP,TreR
PhoP,ybjG
PhoP,YdeO
PhoP,ydeP
PhoP,ygiB
PhoP,ygiC
PhoP,yhiD
PhoP,yrbL
PlaR,lyxK
PlaR,PlaR
PlaR,sgbE
PlaR,sgbH
PlaR,sgbU
PlaR,yiaK
PlaR,yiaL
PlaR,yiaM
PlaR,yiaN
PlaR,yiaO
PrpR,prpB
PrpR,prpC
PrpR,prpD
PrpR,prpE
PrpR,PrpR
PspF,pspA
PspF,pspB
PspF,pspC
PspF,pspD
PspF,pspE
PspF,PspF
PspF,pspG
PspF,pspH
PurR,carA
PurR,carB
PurR,codA
PurR,codB
PurR,cvpA
PurR,gcvH
PurR,gcvP
PurR,gcvT
PurR,glnB
PurR,glyA
PurR,guaA
PurR,guaB
PurR,hflD
PurR,prs
PurR,purA
PurR,purB
PurR,purC
PurR,purD
PurR,purE
PurR,purF
PurR,purH
PurR,purK
PurR,purL
PurR,purM
PurR,purN
PurR,PurR
PurR,purT
PurR,pyrC
PurR,pyrD
PurR,speA
PurR,speB
PurR,ubiX
PutA,PutA
PutA,putP
PuuR,puuA
PuuR,puuB
PuuR,puuC
PuuR,puuD
PuuR,puuE
PuuR,puuP
PuuR,PuuR
PuuR,ymjE
PyrR,yhjX
QseB,fimA
QseB,fimC
QseB,fimD
QseB,fimF
QseB,fimG
QseB,fimH
QseB,fimI
QseB,FlhDC
QseB,QseB
QseB,qseC
RbsR,add
RbsR,purD
RbsR,purH
RbsR,rbsA
RbsR,rbsB
RbsR,rbsC
RbsR,rbsD
RbsR,rbsK
RbsR,RbsR
RcdA,asr
RcdA,bluF
RcdA,CsgD
RcdA,csgE
RcdA,csgF
RcdA,csgG
RcdA,rmf
RcdA,rsd
RcdA,sulA
RcdA,yagK
RcdA,ydeI
RclR,rclA
RclR,rclB
RclR,rclC
RcnR,rcnA
RcnR,rcnB
RcnR,RcnR
RcsAB,CsgD
RcsAB,csgE
RcsAB,csgF
RcsAB,csgG
RcsAB,FlhDC
RcsAB,RcsAB
RcsAB,wcaA
RcsAB,wcaB
RcsAB,wza
RcsAB,wzb
RcsAB,wzc
RcsAB,yjbE
RcsAB,yjbF
RcsAB,yjbG
RcsAB,yjbH
RcsB,bdm
RcsB,ftsA
RcsB,ftsZ
RcsB,gadA
RcsB,gadB
RcsB,gadC
RcsB,GadX
RcsB,gadY
RcsB,hdeA
RcsB,hdeB
RcsB,hdeD
RcsB,lolA
RcsB,osmB
RcsB,osmC
RcsB,rarA
RcsB,RpoE
RcsB,rprA
RcsB,rseA
RcsB,rseB
RcsB,rseC
RcsB,rseD
RcsB,safA
RcsB,sra
RcsB,YdeO
RcsB,ydeP
RcsB,yhiD
RcsB-BglJ,bglB
RcsB-BglJ,bglF
RcsB-BglJ,bglG
RcsB-BglJ,LeuO
RcsB-BglJ,sfsB
RcsB-BglJ,yecT
RcsB-BglJ,yehF
RcsB-BglJ,ygiZ
RcsB-BglJ,yidL
RcsB-BglJ,ynbA
RcsB-BglJ,ynbB
RcsB-BglJ,ynbC
RcsB-BglJ,ynbD
RcsB-BglJ,ynjI
RcsB-BglJ,yqhG
RelB,hokD
RelB,RelB
RelB,RelB-RelE
RelB-RelE,hokD
RelB-RelE,RelB
RelB-RelE,RelB-RelE
RhaR,RhaR
RhaR,RhaS
RhaS,rhaA
RhaS,rhaB
RhaS,rhaD
Rob,acnA
Rob,acrA
Rob,acrB
Rob,acrZ
Rob,aldA
Rob,aslB
Rob,chaC
Rob,elaB
Rob,fadA
Rob,fadB
Rob,fadL
Rob,fumC
Rob,inaA
Rob,ldtB
Rob,MarA
Rob,marB
Rob,MarR
Rob,micF
Rob,mltF
Rob,nfo
Rob,nfsA
Rob,nfsB
Rob,rimK
Rob,Rob
Rob,sodA
Rob,tolC
Rob,ybjC
Rob,ybjN
Rob,ygiB
Rob,ygiC
Rob,yiaG
Rob,zwf
RspR,rspA
RspR,rspB
RstA,asr
RstA,CsgD
RstA,csgE
RstA,csgF
RstA,csgG
RstA,narG
RstA,narH
RstA,narI
RstA,narJ
RstA,ompF
RtcR,rtcA
RtcR,rtcB
RutR,carA
RutR,carB
RutR,fepB
RutR,GadW
RutR,GadX
RutR,gloA
RutR,nemA
RutR,NemR
RutR,pdeR
RutR,rutA
RutR,rutB
RutR,rutC
RutR,rutD
RutR,rutE
RutR,rutF
RutR,rutG
RutR,RutR
SdiA,ftsA
SdiA,ftsZ
SdiA,GadW
SdiA,gadY
SdiA,rflP
SdiA,rmf
SdiA,rsd
SgrR,alaC
SgrR,setA
SgrR,SgrR
SgrR,sgrS
SgrR,sgrT
SgrR,sroA
SgrR,thiB
SgrR,thiP
SgrR,thiQ
SlyA,cas1
SlyA,cas2
SlyA,casA
SlyA,casB
SlyA,casC
SlyA,casD
SlyA,casE
SlyA,FecI
SlyA,fecR
SlyA,gspC
SlyA,gspD
SlyA,gspE
SlyA,gspF
SlyA,gspG
SlyA,gspH
SlyA,gspI
SlyA,gspJ
SlyA,gspK
SlyA,gspL
SlyA,gspM
SlyA,gspO
SlyA,hlyE
SlyA,LeuO
SlyA,paaA
SlyA,paaB
SlyA,paaC
SlyA,paaD
SlyA,paaE
SlyA,paaF
SlyA,paaG
SlyA,paaH
SlyA,paaI
SlyA,paaJ
SlyA,paaK
SlyA,pagP
SlyA,rmf
SlyA,rsd
SoxR,aroF
SoxR,fumC
SoxR,sodA
SoxR,SoxR
SoxR,SoxS
SoxR,tyrA
SoxR,yjcB
SoxR,yrbL
SoxS,acnA
SoxS,acrA
SoxS,acrB
SoxS,acrZ
SoxS,aldA
SoxS,DecR
SoxS,fldA
SoxS,fldB
SoxS,fpr
SoxS,fumC
SoxS,Fur
SoxS,inaA
SoxS,MarA
SoxS,marB
SoxS,MarR
SoxS,micF
SoxS,nepI
SoxS,nfo
SoxS,nfsA
SoxS,nfsB
SoxS,ompN
SoxS,ompW
SoxS,pgi
SoxS,poxB
SoxS,pqiA
SoxS,pqiB
SoxS,pqiC
SoxS,ptsG
SoxS,ribA
SoxS,rimK
SoxS,Rob
SoxS,sodA
SoxS,SoxS
SoxS,tolC
SoxS,uof
SoxS,waaY
SoxS,waaZ
SoxS,ybjC
SoxS,ybjN
SoxS,ydbK
SoxS,ygiB
SoxS,ygiC
SoxS,yrbL
SoxS,zinT
SoxS,zwf
SrlR,GutM
SrlR,gutQ
SrlR,srlA
SrlR,srlB
SrlR,srlD
SrlR,srlE
SrlR,SrlR
StpA,bglB
StpA,bglF
StpA,bglG
StpA,cas1
StpA,cas2
StpA,casA
StpA,casB
StpA,casC
StpA,casD
StpA,casE
StpA,fau
StpA,LeuO
StpA,malE
StpA,malF
StpA,malG
StpA,malH
StpA,ssrS
StpA,StpA
SutR,cysE
SutR,FliA
SutR,FliZ
SutR,tcyJ
TdcA,TdcA
TdcA,tdcB
TdcA,tdcC
TdcA,tdcD
TdcA,tdcE
TdcA,tdcF
TdcA,tdcG
TdcR,TdcA
TdcR,tdcB
TdcR,tdcC
TdcR,tdcD
TdcR,tdcE
TdcR,tdcF
TdcR,tdcG
TorR,gadA
TorR,GadX
TorR,hdeA
TorR,hdeB
TorR,tnaA
TorR,tnaB
TorR,tnaC
TorR,torA
TorR,torC
TorR,torD
TorR,TorR
TorR,yhiD
TreR,treB
TreR,treC
TrpR,aroH
TrpR,aroL
TrpR,aroM
TrpR,mtr
TrpR,trpA
TrpR,trpB
TrpR,trpC
TrpR,trpD
TrpR,trpE
TrpR,trpL
TrpR,TrpR
TrpR,yaiA
TyrR,aroF
TyrR,aroG
TyrR,aroL
TyrR,aroM
TyrR,aroP
TyrR,folA
TyrR,mtr
TyrR,tyrA
TyrR,tyrB
TyrR,TyrR
TyrR,yaiA
UhpA,uhpT
UidR,uidA
UidR,uidB
UidR,uidC
UidR,UidR
UlaR,ulaA
UlaR,ulaB
UlaR,ulaC
UlaR,ulaD
UlaR,ulaE
UlaR,ulaF
UlaR,ulaG
UvrY,csrB
UvrY,csrC
UvrY,luxS
UvrY,uhpT
UvrY,ydeP
UxuR,ExuR
UxuR,gntP
UxuR,lgoR
UxuR,uidA
UxuR,uidB
UxuR,uidC
UxuR,uxuA
UxuR,uxuB
UxuR,UxuR
XapR,xapA
XapR,xapB
XylR,AraC
XylR,xylA
XylR,xylB
XylR,xylE
XylR,xylF
XylR,xylG
XylR,xylH
XylR,XylR
YdcI,flu
YdcI,isrC
YdeO,appA
YdeO,appB
YdeO,appC
YdeO,appX
YdeO,dctR
YdeO,GadE
YdeO,GadE-RcsB
YdeO,gadF
YdeO,GadW
YdeO,hyaA
YdeO,hyaB
YdeO,hyaC
YdeO,hyaD
YdeO,hyaE
YdeO,hyaF
YdeO,mdtE
YdeO,mdtF
YdeO,safA
YdeO,slp
YdeO,uspD
YdeO,YdeO
YdeO,yiiS
YefM,YefM
YefM,YefM-YoeB
YefM-YoeB,YefM
YefM-YoeB,YefM-YoeB
YeiL,YeiL
YhaJ,bssS
YjjQ,dgcN
YjjQ,FlhDC
YjjQ,gfcA
YjjQ,ompC
YjjQ,ybhL
YjjQ,yciX
YjjQ,yfiB
YjjQ,yfiR
YjjQ,ymiA
YqhC,dkgA
YqhC,yqhD
ZntR,zntA
ZraR,zraP
ZraR,ZraR
ZraR,zraS
Zur,ykgM
Zur,ykgO
Zur,zinT
Zur,znuA
Zur,znuB
Zur,znuC
RpoE,ahpF
RpoE,apaG
RpoE,apaH
RpoE,bacA
RpoE,bamA
RpoE,bamB
RpoE,bamC
RpoE,bamD
RpoE,bamE
RpoE,bepA
RpoE,bhsA
RpoE,cca
RpoE,clpX
RpoE,cyaR
RpoE,degP
RpoE,der
RpoE,dnaE
RpoE,dolP
RpoE,dsbC
RpoE,eptB
RpoE,essD
RpoE,fabZ
RpoE,fadM
RpoE,fkpA
RpoE,ftnB
RpoE,fusA
RpoE,greA
RpoE,gspA
RpoE,gspB
RpoE,hcp
RpoE,hcr
RpoE,hokE
RpoE,hpf
RpoE,ibaG
RpoE,insK
RpoE,lgoR
RpoE,lhr
RpoE,lon
RpoE,lptA
RpoE,lptB
RpoE,lptD
RpoE,lpxA
RpoE,lpxB
RpoE,lpxD
RpoE,lpxP
RpoE,lyxK
RpoE,malQ
RpoE,EcpR
RpoE,micA
RpoE,micL
RpoE,mscM
RpoE,mzrA
RpoE,narV
RpoE,narW
RpoE,opgG
RpoE,opgH
RpoE,pdxA
RpoE,phoQ
RpoE,plsB
RpoE,prfB
RpoE,psd
RpoE,ptsN
RpoE,rapZ
RpoE,rclA
RpoE,rclB
RpoE,rclC
RpoE,recJ
RpoE,recR
RpoE,rfaD
RpoE,rflP
RpoE,rnhB
RpoE,rnlB
RpoE,RpoD
RpoE,RpoE
RpoE,RpoH
RpoE,RpoN
RpoE,rrrD
RpoE,rseA
RpoE,rseB
RpoE,rseC
RpoE,rseP
RpoE,rsmA
RpoE,RutR
RpoE,rybB
RpoE,rzpD
RpoE,sbmA
RpoE,sgbE
RpoE,sgbH
RpoE,sgbU
RpoE,sixA
RpoE,skp
RpoE,surA
RpoE,tufA
RpoE,uspD
RpoE,waaC
RpoE,waaF
RpoE,waaL
RpoE,wza
RpoE,wzb
RpoE,wzc
RpoE,yaiW
RpoE,ybaB
RpoE,ydhI
RpoE,ydhJ
RpoE,ydhK
RpoE,yeaY
RpoE,yfeK
RpoE,yfeS
RpoE,yfeX
RpoE,yfeY
RpoE,yfgD
RpoE,yggN
RpoE,yghF
RpoE,ygiM
RpoE,yhjJ
RpoE,yiaK
RpoE,yiaL
RpoE,yiaM
RpoE,yiaN
RpoE,yiaO
RpoE,yicI
RpoE,yicJ
RpoE,yidQ
RpoE,yieE
RpoE,yieF
RpoE,yiiS
RpoE,yoaC
RpoE,yqjA
RpoE,ytfJ
FliA,aer
FliA,cheA
FliA,cheB
FliA,cheR
FliA,cheW
FliA,cheY
FliA,cheZ
FliA,flgK
FliA,flgL
FliA,flgM
FliA,flgN
FliA,flgO
FliA,FliA
FliA,fliC
FliA,fliD
FliA,fliE
FliA,fliF
FliA,fliG
FliA,fliH
FliA,fliI
FliA,fliJ
FliA,fliK
FliA,fliL
FliA,fliM
FliA,fliN
FliA,fliO
FliA,fliP
FliA,fliQ
FliA,fliR
FliA,fliS
FliA,fliT
FliA,fliX
FliA,FliZ
FliA,flxA
FliA,hemL
FliA,ispE
FliA,lolB
FliA,modA
FliA,modB
FliA,modC
FliA,motA
FliA,motB
FliA,motR
FliA,oppA
FliA,oppB
FliA,oppC
FliA,oppD
FliA,oppF
FliA,pdeH
FliA,ppdA
FliA,ppdB
FliA,ppdC
FliA,prs
FliA,rdcA
FliA,rdcB
FliA,recC
FliA,tap
FliA,tar
FliA,tcyJ
FliA,trg
FliA,tsr
FliA,ves
FliA,yafW
FliA,yafX
FliA,ycgR
FliA,yecF
FliA,ygbK
FliA,ygdB
FliA,yjcS
FliA,ykfB
FliA,ykfF
FliA,ykfG
FliA,ykfH
FliA,ykfI
FliA,ynjH
RpoH,ackA
RpoH,adiC
RpoH,alaA
RpoH,alaT
RpoH,alaU
RpoH,alaV
RpoH,bidA
RpoH,bssS
RpoH,can
RpoH,cas1
RpoH,cas2
RpoH,casD
RpoH,casE
RpoH,clpB
RpoH,clpP
RpoH,clpX
RpoH,cnoX
RpoH,Cra
RpoH,creA
RpoH,CreB
RpoH,creC
RpoH,crr
RpoH,dnaJ
RpoH,dnaK
RpoH,dsbC
RpoH,fkpB
RpoH,ftsH
RpoH,fxsA
RpoH,gapA
RpoH,glnS
RpoH,gltT
RpoH,gltU
RpoH,gltV
RpoH,gltW
RpoH,groL
RpoH,groS
RpoH,grpE
RpoH,hemW
RpoH,hflC
RpoH,hflK
RpoH,hflX
RpoH,hfq
RpoH,holC
RpoH,hslO
RpoH,hslR
RpoH,hslU
RpoH,hslV
RpoH,hspQ
RpoH,htpG
RpoH,htpX
RpoH,ibpA
RpoH,ibpB
RpoH,ileS
RpoH,ileT
RpoH,ileU
RpoH,ileV
RpoH,ispH
RpoH,lapA
RpoH,lapB
RpoH,ldhA
RpoH,lipB
RpoH,lnt
RpoH,lon
RpoH,lspA
RpoH,mbiA
RpoH,metA
RpoH,mhpT
RpoH,miaA
RpoH,Mlc
RpoH,mngA
RpoH,mngB
RpoH,mpaA
RpoH,mutL
RpoH,mutM
RpoH,nanX
RpoH,nanY
RpoH,NarP
RpoH,nfuA
RpoH,nusB
RpoH,osmF
RpoH,pgpA
RpoH,pgpC
RpoH,PhoP
RpoH,phoQ
RpoH,pncC
RpoH,pphA
RpoH,ppiD
RpoH,prlC
RpoH,ptsH
RpoH,ptsI
RpoH,pyrF
RpoH,raiA
RpoH,raiZ
RpoH,rapA
RpoH,rdgB
RpoH,recJ
RpoH,rfaD
RpoH,ribE
RpoH,rlmE
RpoH,rnlA
RpoH,rpmE
RpoH,RpoD
RpoH,rrfA
RpoH,rrfB
RpoH,rrfC
RpoH,rrfD
RpoH,rrfE
RpoH,rrfF
RpoH,rrfG
RpoH,rrfH
RpoH,rrlA
RpoH,rrlB
RpoH,rrlC
RpoH,rrlD
RpoH,rrlE
RpoH,rrlG
RpoH,rrlH
RpoH,rrsA
RpoH,rrsB
RpoH,rrsC
RpoH,rrsD
RpoH,rrsE
RpoH,rrsG
RpoH,rrsH
RpoH,rsmJ
RpoH,sdaA
RpoH,sdsR
RpoH,slt
RpoH,tadA
RpoH,thiL
RpoH,thrV
RpoH,topA
RpoH,trmA
RpoH,TyrR
RpoH,valS
RpoH,waaC
RpoH,waaF
RpoH,waaL
RpoH,xerD
RpoH,yafD
RpoH,yafE
RpoH,ybeD
RpoH,ybeX
RpoH,ybeY
RpoH,ybeZ
RpoH,ybfE
RpoH,yccE
RpoH,yceI
RpoH,yceJ
RpoH,yciH
RpoH,ycjF
RpoH,ycjX
RpoH,ycjY
RpoH,YdeO
RpoH,ydhQ
RpoH,yeaD
RpoH,yehR
RpoH,yehW
RpoH,yehX
RpoH,yehY
RpoH,yfbR
RpoH,yhdN
RpoH,yiaA
RpoH,yibA
RpoH,yjaZ
RpoH,yjhG
RpoH,yjhH
RpoH,yjhI
RpoH,yjiT
RpoH,ymjC
RpoH,ymjD
RpoH,yrdA
RpoH,yrfG
RpoH,ZntR
RpoS,aceE
RpoS,aceF
RpoS,acnA
RpoS,acs
RpoS,actP
RpoS,Ada
RpoS,adhE
RpoS,AidB
RpoS,aldB
RpoS,alkA
RpoS,alkB
RpoS,ansP
RpoS,appA
RpoS,appB
RpoS,appC
RpoS,appX
RpoS,AppY
RpoS,araF
RpoS,araG
RpoS,araH
RpoS,ariR
RpoS,arrS
RpoS,artI
RpoS,artM
RpoS,artP
RpoS,artQ
RpoS,asr
RpoS,astA
RpoS,astB
RpoS,astC
RpoS,astD
RpoS,astE
RpoS,BaeR
RpoS,baeS
RpoS,blc
RpoS,blr
RpoS,BolA
RpoS,bsmA
RpoS,btsT
RpoS,btuF
RpoS,cbpA
RpoS,cbpM
RpoS,cfa
RpoS,cpxA
RpoS,CpxR
RpoS,crr
RpoS,csgA
RpoS,csgB
RpoS,csgC
RpoS,CsgD
RpoS,csgE
RpoS,csgF
RpoS,csgG
RpoS,csiE
RpoS,csrA
RpoS,cyaR
RpoS,ddpA
RpoS,ddpB
RpoS,ddpC
RpoS,ddpD
RpoS,ddpF
RpoS,ddpX
RpoS,dgcC
RpoS,dhaK
RpoS,dhaL
RpoS,dhaM
RpoS,DhaR
RpoS,dinB
RpoS,dkgA
RpoS,dkgB
RpoS,dmsD
RpoS,dnaN
RpoS,dps
RpoS,ecnB
RpoS,elaB
RpoS,eno
RpoS,envC
RpoS,epd
RpoS,EvgA
RpoS,evgS
RpoS,fadL
RpoS,fau
RpoS,fbaA
RpoS,fbaB
RpoS,fic
RpoS,folK
RpoS,frdA
RpoS,frdB
RpoS,frdC
RpoS,frdD
RpoS,ftsA
RpoS,ftsQ
RpoS,ftsZ
RpoS,fumC
RpoS,gabD
RpoS,gabP
RpoS,gabT
RpoS,gadA
RpoS,gadB
RpoS,gadC
RpoS,GadE
RpoS,GadE-RcsB
RpoS,gadF
RpoS,GadW
RpoS,GadX
RpoS,gadY
RpoS,galE
RpoS,galK
RpoS,galM
RpoS,galT
RpoS,gapA
RpoS,glaH
RpoS,glgA
RpoS,glgC
RpoS,glgP
RpoS,glgS
RpoS,glk
RpoS,glsA
RpoS,gltB
RpoS,gltD
RpoS,gltF
RpoS,gor
RpoS,gpmA
RpoS,gpmM
RpoS,gyrB
RpoS,hchA
RpoS,hdeA
RpoS,hdeB
RpoS,hdeD
RpoS,HdfR
RpoS,hmp
RpoS,hofM
RpoS,hofN
RpoS,hofO
RpoS,hofP
RpoS,htrE
RpoS,hyaA
RpoS,hyaB
RpoS,hyaC
RpoS,hyaD
RpoS,hyaE
RpoS,hyaF
RpoS,idlP
RpoS,IHF
RpoS,IlvY
RpoS,insC5
RpoS,insD5
RpoS,insI1
RpoS,iraD
RpoS,katE
RpoS,kbp
RpoS,ldcC
RpoS,lhgD
RpoS,lpd
RpoS,lsrA
RpoS,lsrB
RpoS,lsrC
RpoS,lsrD
RpoS,lsrF
RpoS,lsrG
RpoS,luxS
RpoS,mdtA
RpoS,mdtB
RpoS,mdtC
RpoS,mdtD
RpoS,mdtE
RpoS,mdtF
RpoS,metK
RpoS,mglA
RpoS,mglB
RpoS,mglC
RpoS,micF
RpoS,MlrA
RpoS,mnmG
RpoS,mpl
RpoS,msyB
RpoS,mtn
RpoS,murP
RpoS,murQ
RpoS,MurR
RpoS,mutS
RpoS,narU
RpoS,nhaA
RpoS,NhaR
RpoS,ompF
RpoS,ompN
RpoS,osmB
RpoS,osmC
RpoS,osmE
RpoS,osmF
RpoS,osmY
RpoS,otsA
RpoS,otsB
RpoS,OxyR
RpoS,pabA
RpoS,patA
RpoS,patD
RpoS,pcnB
RpoS,pdeC
RpoS,pdeR
RpoS,PdhR
RpoS,pfkA
RpoS,pfkB
RpoS,pgi
RpoS,pgk
RpoS,phoU
RpoS,phr
RpoS,poxB
RpoS,pphA
RpoS,ppk
RpoS,ppx
RpoS,pqiA
RpoS,pqiB
RpoS,pqiC
RpoS,proP
RpoS,proV
RpoS,proW
RpoS,proX
RpoS,pstA
RpoS,pstB
RpoS,pstC
RpoS,pstS
RpoS,puuA
RpoS,puuB
RpoS,puuC
RpoS,puuD
RpoS,puuE
RpoS,puuP
RpoS,PuuR
RpoS,pykA
RpoS,pykF
RpoS,ravA
RpoS,recF
RpoS,RhaR
RpoS,RhaS
RpoS,RpoE
RpoS,RpoH
RpoS,rraA
RpoS,rsd
RpoS,rseA
RpoS,rseB
RpoS,rseC
RpoS,rseD
RpoS,rsmG
RpoS,rssA
RpoS,rssB
RpoS,ryjA
RpoS,sdhX
RpoS,sdsN
RpoS,sdsR
RpoS,setA
RpoS,sgrS
RpoS,sgrT
RpoS,sodC
RpoS,sohB
RpoS,speB
RpoS,speC
RpoS,speG
RpoS,sra
RpoS,ssrS
RpoS,sucA
RpoS,sucB
RpoS,sucC
RpoS,sucD
RpoS,talA
RpoS,tam
RpoS,tktB
RpoS,tolC
RpoS,topA
RpoS,tpiA
RpoS,treA
RpoS,treF
RpoS,uspB
RpoS,viaA
RpoS,wrbA
RpoS,xapA
RpoS,xapB
RpoS,xthA
RpoS,yabI
RpoS,yadS
RpoS,yadV
RpoS,yafN
RpoS,yafO
RpoS,yafP
RpoS,ybaT
RpoS,ybgA
RpoS,ybiI
RpoS,ybjP
RpoS,yccJ
RpoS,ycgZ
RpoS,yciE
RpoS,yciF
RpoS,yciG
RpoS,YciT
RpoS,yciZ
RpoS,ydbD
RpoS,ydbK
RpoS,ydcS
RpoS,ydcT
RpoS,ydcU
RpoS,ydcV
RpoS,yddG
RpoS,ydhT
RpoS,ydhU
RpoS,ydhV
RpoS,ydhW
RpoS,ydhX
RpoS,ydhY
RpoS,yehW
RpoS,yehX
RpoS,yehY
RpoS,YeiL
RpoS,yffO
RpoS,yffP
RpoS,yggE
RpoS,ygiB
RpoS,ygiC
RpoS,yhfG
RpoS,yhiD
RpoS,yhiM
RpoS,yhjG
RpoS,yiaG
RpoS,yibQ
RpoS,yihG
RpoS,yjcH
RpoS,ymgA
RpoS,ymgC
RpoS,ymiC
RpoS,ymjE
RpoS,ynfB
RpoS,ynfE
RpoS,ynfF
RpoS,ynfG
RpoS,ynfH
RpoS,yqiH
RpoS,yqiI
RpoS,ytfK
RpoS,znuA
RpoN,acrD
RpoN,actP
RpoN,amtB
RpoN,argT
RpoN,aslB
RpoN,astA
RpoN,astB
RpoN,astC
RpoN,astD
RpoN,astE
RpoN,atoA
RpoN,atoB
RpoN,atoD
RpoN,atoE
RpoN,chaC
RpoN,dcuD
RpoN,ddpA
RpoN,ddpB
RpoN,ddpC
RpoN,ddpD
RpoN,ddpF
RpoN,ddpX
RpoN,emrD
RpoN,fdhF
RpoN,FhlA
RpoN,FlhDC
RpoN,focB
RpoN,glmY
RpoN,glnA
RpoN,NtrC
RpoN,glnH
RpoN,glnK
RpoN,glnL
RpoN,glnP
RpoN,glnQ
RpoN,glpQ
RpoN,gltI
RpoN,gltJ
RpoN,gltK
RpoN,gltL
RpoN,gnsA
RpoN,hisJ
RpoN,hisM
RpoN,hisP
RpoN,hisQ
RpoN,htpG
RpoN,hycA
RpoN,hycB
RpoN,hycC
RpoN,hycD
RpoN,hycE
RpoN,hycF
RpoN,hycG
RpoN,hycH
RpoN,hycI
RpoN,hydN
RpoN,hyfA
RpoN,hyfB
RpoN,hyfC
RpoN,hyfD
RpoN,hyfE
RpoN,hyfF
RpoN,hyfG
RpoN,hyfH
RpoN,hyfI
RpoN,hyfJ
RpoN,HyfR
RpoN,hypA
RpoN,hypB
RpoN,hypC
RpoN,hypD
RpoN,hypE
RpoN,hypF
RpoN,ibpB
RpoN,Nac
RpoN,nikA
RpoN,nikB
RpoN,nikC
RpoN,nikD
RpoN,nikE
RpoN,NikR
RpoN,norV
RpoN,norW
RpoN,patA
RpoN,potF
RpoN,potG
RpoN,potH
RpoN,potI
RpoN,prpB
RpoN,prpC
RpoN,prpD
RpoN,prpE
RpoN,pspA
RpoN,pspB
RpoN,pspC
RpoN,pspD
RpoN,pspE
RpoN,pspG
RpoN,pspH
RpoN,puuP
RpoN,radD
RpoN,rcdB
RpoN,relA
RpoN,rhaD
RpoN,RpoE
RpoN,RpoH
RpoN,rseA
RpoN,rseB
RpoN,rseC
RpoN,rseD
RpoN,rtcA
RpoN,rtcB
RpoN,RtcR
RpoN,rutA
RpoN,rutB
RpoN,rutC
RpoN,rutD
RpoN,rutE
RpoN,rutF
RpoN,rutG
RpoN,sroC
RpoN,ssnA
RpoN,xapB
RpoN,xdhA
RpoN,xdhB
RpoN,xdhC
RpoN,yaaU
RpoN,yahE
RpoN,yeaG
RpoN,yeaH
RpoN,ygfK
RpoN,yhdX
RpoN,yhdY
RpoN,yhdZ
RpoN,ymjE
RpoN,zraP
RpoN,ZraR
RpoN,zraS
RpoD,3'ETS-leuZ
RpoD,accA
RpoD,AccB
RpoD,accC
RpoD,accD
RpoD,aceA
RpoD,aceB
RpoD,aceE
RpoD,aceF
RpoD,aceK
RpoD,acnA
RpoD,acnB
RpoD,acpP
RpoD,acpS
RpoD,acrA
RpoD,acrB
RpoD,acrD
RpoD,acrE
RpoD,acrF
RpoD,AcrR
RpoD,acrZ
RpoD,acs
RpoD,actP
RpoD,Ada
RpoD,add
RpoD,adeD
RpoD,adhE
RpoD,adiA
RpoD,agaB
RpoD,agaC
RpoD,agaD
RpoD,agaI
RpoD,AgaR
RpoD,agaS
RpoD,agaV
RpoD,ahpC
RpoD,ahpF
RpoD,AidB
RpoD,alaC
RpoD,alaE
RpoD,alaT
RpoD,alaU
RpoD,alaV
RpoD,alaW
RpoD,alaX
RpoD,aldA
RpoD,alkA
RpoD,alkB
RpoD,allB
RpoD,allC
RpoD,allD
RpoD,allE
RpoD,alsA
RpoD,alsB
RpoD,alsC
RpoD,alsE
RpoD,AlsR
RpoD,amiA
RpoD,amiB
RpoD,ampC
RpoD,ampG
RpoD,amyA
RpoD,ansB
RpoD,appA
RpoD,appB
RpoD,appC
RpoD,appX
RpoD,AppY
RpoD,apt
RpoD,araA
RpoD,araB
RpoD,AraC
RpoD,araD
RpoD,araE
RpoD,araF
RpoD,araG
RpoD,araH
RpoD,araJ
RpoD,ArcA
RpoD,arfA
RpoD,argA
RpoD,argB
RpoD,argC
RpoD,argD
RpoD,argE
RpoD,argF
RpoD,argG
RpoD,argH
RpoD,argI
RpoD,argO
RpoD,argQ
RpoD,ArgR
RpoD,argS
RpoD,argU
RpoD,argV
RpoD,argW
RpoD,argX
RpoD,argY
RpoD,argZ
RpoD,ariR
RpoD,aroA
RpoD,aroB
RpoD,aroD
RpoD,aroF
RpoD,aroG
RpoD,aroH
RpoD,aroK
RpoD,aroL
RpoD,aroM
RpoD,aroP
RpoD,arrS
RpoD,arsB
RpoD,arsC
RpoD,ArsR
RpoD,artI
RpoD,artJ
RpoD,artM
RpoD,artP
RpoD,artQ
RpoD,ascB
RpoD,ascF
RpoD,asnA
RpoD,AsnC
RpoD,asnT
RpoD,asnU
RpoD,asnV
RpoD,aspA
RpoD,aspV
RpoD,asr
RpoD,astA
RpoD,astB
RpoD,astC
RpoD,astD
RpoD,astE
RpoD,atpA
RpoD,atpB
RpoD,atpC
RpoD,atpD
RpoD,atpE
RpoD,atpF
RpoD,atpG
RpoD,atpH
RpoD,atpI
RpoD,azoR
RpoD,azuC
RpoD,bamC
RpoD,bcp
RpoD,bcsB
RpoD,bcsE
RpoD,bcsF
RpoD,bcsG
RpoD,bcsZ
RpoD,bdcA
RpoD,betA
RpoD,betB
RpoD,BetI
RpoD,betT
RpoD,RcsB-BglJ
RpoD,bglX
RpoD,bhsA
RpoD,bidA
RpoD,bioA
RpoD,bioB
RpoD,bioC
RpoD,bioD
RpoD,bioF
RpoD,bluF
RpoD,BluR
RpoD,BolA
RpoD,bssS
RpoD,btuB
RpoD,btuD
RpoD,btuE
RpoD,btuF
RpoD,cadA
RpoD,cadB
RpoD,CadC
RpoD,caiA
RpoD,caiB
RpoD,caiC
RpoD,caiD
RpoD,caiE
RpoD,CaiF
RpoD,caiT
RpoD,can
RpoD,carA
RpoD,carB
RpoD,cas1
RpoD,cas2
RpoD,cas3
RpoD,casA
RpoD,casB
RpoD,casC
RpoD,casD
RpoD,casE
RpoD,Cbl
RpoD,cbpA
RpoD,cbpM
RpoD,ccmA
RpoD,ccmB
RpoD,ccmC
RpoD,ccmD
RpoD,ccmE
RpoD,ccmF
RpoD,ccmG
RpoD,ccmH
RpoD,ccp
RpoD,cdd
RpoD,CecR
RpoD,cedA
RpoD,cfa
RpoD,chiA
RpoD,chiX
RpoD,cho
RpoD,chpB
RpoD,chpS
RpoD,cirA
RpoD,clpA
RpoD,clpB
RpoD,clpP
RpoD,clpX
RpoD,cmk
RpoD,cmoM
RpoD,coaD
RpoD,cobS
RpoD,cobT
RpoD,cobU
RpoD,codA
RpoD,codB
RpoD,copA
RpoD,corA
RpoD,cpdB
RpoD,cpxA
RpoD,cpxP
RpoD,cpxQ
RpoD,CpxR
RpoD,creA
RpoD,CreB
RpoD,creC
RpoD,creD
RpoD,Crp
RpoD,CRP-Sxy
RpoD,crr
RpoD,csgA
RpoD,csgB
RpoD,csgC
RpoD,CsgD
RpoD,csgE
RpoD,csgF
RpoD,csgG
RpoD,csiE
RpoD,CspA
RpoD,cspB
RpoD,cspC
RpoD,cspD
RpoD,cspE
RpoD,CsqR
RpoD,csrA
RpoD,csrB
RpoD,cstA
RpoD,cusA
RpoD,cusB
RpoD,cusC
RpoD,cusF
RpoD,CusR
RpoD,cusS
RpoD,cutA
RpoD,cvpA
RpoD,cyaA
RpoD,cyaR
RpoD,cydA
RpoD,cydB
RpoD,cydC
RpoD,cydD
RpoD,CynR
RpoD,cynS
RpoD,cynT
RpoD,cynX
RpoD,cyoA
RpoD,cyoB
RpoD,cyoC
RpoD,cyoD
RpoD,cyoE
RpoD,cysA
RpoD,CysB
RpoD,cysC
RpoD,cysD
RpoD,cysG
RpoD,cysH
RpoD,cysI
RpoD,cysJ
RpoD,cysK
RpoD,cysM
RpoD,cysN
RpoD,cysP
RpoD,cysT
RpoD,cysU
RpoD,cysW
RpoD,CytR
RpoD,dacC
RpoD,dadA
RpoD,dadX
RpoD,dam
RpoD,damX
RpoD,dapA
RpoD,dapB
RpoD,dapD
RpoD,dapE
RpoD,dapF
RpoD,dctA
RpoD,dctR
RpoD,dcuA
RpoD,dcuB
RpoD,dcuD
RpoD,DcuR
RpoD,dcuS
RpoD,ddlB
RpoD,deaD
RpoD,DecR
RpoD,def
RpoD,degQ
RpoD,degS
RpoD,deoA
RpoD,deoB
RpoD,deoC
RpoD,deoD
RpoD,dgcN
RpoD,dgcT
RpoD,dgcZ
RpoD,dgoA
RpoD,dgoD
RpoD,dgoK
RpoD,DgoR
RpoD,dgoT
RpoD,dicB
RpoD,dicC
RpoD,dinB
RpoD,dinF
RpoD,dinG
RpoD,dinI
RpoD,DinJ-YafQ
RpoD,dinQ
RpoD,dkgA
RpoD,DksA
RpoD,dmsA
RpoD,dmsB
RpoD,dmsC
RpoD,dmsD
RpoD,DnaA
RpoD,dnaG
RpoD,dnaN
RpoD,dppA
RpoD,dppB
RpoD,dppC
RpoD,dppD
RpoD,dppF
RpoD,dps
RpoD,dsbA
RpoD,dsbC
RpoD,dsdA
RpoD,DsdC
RpoD,dsdX
RpoD,dsrA
RpoD,dtpA
RpoD,dusB
RpoD,dut
RpoD,dxs
RpoD,ebgA
RpoD,ebgC
RpoD,ecpA
RpoD,eda
RpoD,edd
RpoD,efp
RpoD,emrA
RpoD,emrB
RpoD,eno
RpoD,entA
RpoD,entB
RpoD,entC
RpoD,entD
RpoD,entE
RpoD,entF
RpoD,entH
RpoD,entS
RpoD,envZ
RpoD,epd
RpoD,eptB
RpoD,era
RpoD,esrE
RpoD,EvgA
RpoD,evgS
RpoD,exbB
RpoD,exbD
RpoD,ExuR
RpoD,fabA
RpoD,fabB
RpoD,fabD
RpoD,fabF
RpoD,fabG
RpoD,fabH
RpoD,fadA
RpoD,fadB
RpoD,fadD
RpoD,fadI
RpoD,fadJ
RpoD,FadR
RpoD,fau
RpoD,fbaA
RpoD,fdnG
RpoD,fdnH
RpoD,fdnI
RpoD,fdx
RpoD,feaB
RpoD,FeaR
RpoD,FecI
RpoD,fecR
RpoD,feoA
RpoD,feoB
RpoD,feoC
RpoD,fepA
RpoD,fepB
RpoD,fepC
RpoD,fepD
RpoD,fepE
RpoD,fepG
RpoD,fes
RpoD,fhuA
RpoD,fhuB
RpoD,fhuC
RpoD,fhuD
RpoD,fhuF
RpoD,fimA
RpoD,fimB
RpoD,fimC
RpoD,fimD
RpoD,fimE
RpoD,fimF
RpoD,fimG
RpoD,fimH
RpoD,fimI
RpoD,Fis
RpoD,fiu
RpoD,fixA
RpoD,fixB
RpoD,fixC
RpoD,fixX
RpoD,fkpB
RpoD,fldB
RpoD,flgA
RpoD,flgB
RpoD,flgC
RpoD,flgD
RpoD,flgE
RpoD,flgF
RpoD,flgG
RpoD,flgH
RpoD,flgI
RpoD,flgJ
RpoD,flgM
RpoD,flgN
RpoD,flhA
RpoD,flhB
RpoD,FlhDC
RpoD,flhE
RpoD,FliA
RpoD,fliD
RpoD,fliE
RpoD,fliF
RpoD,fliG
RpoD,fliH
RpoD,fliI
RpoD,fliJ
RpoD,fliK
RpoD,fliL
RpoD,fliM
RpoD,fliN
RpoD,fliO
RpoD,fliP
RpoD,fliQ
RpoD,fliR
RpoD,fliS
RpoD,fliT
RpoD,FliZ
RpoD,flu
RpoD,fmt
RpoD,Fnr
RpoD,fnrS
RpoD,focA
RpoD,folA
RpoD,folE
RpoD,folK
RpoD,fpr
RpoD,frc
RpoD,frdA
RpoD,frdB
RpoD,frdC
RpoD,frdD
RpoD,frlA
RpoD,frlB
RpoD,frlC
RpoD,frlD
RpoD,FrlR
RpoD,frr
RpoD,frsA
RpoD,fruA
RpoD,fruB
RpoD,fruK
RpoD,ftnA
RpoD,ftnB
RpoD,ftsA
RpoD,ftsH
RpoD,ftsI
RpoD,ftsK
RpoD,ftsL
RpoD,ftsQ
RpoD,ftsW
RpoD,ftsZ
RpoD,fucA
RpoD,fucI
RpoD,fucK
RpoD,fucO
RpoD,fucP
RpoD,FucR
RpoD,fucU
RpoD,fumA
RpoD,fumB
RpoD,fumC
RpoD,Fur
RpoD,gabD
RpoD,gabP
RpoD,gabT
RpoD,gadA
RpoD,gadB
RpoD,gadC
RpoD,GadE
RpoD,GadE-RcsB
RpoD,gadF
RpoD,GadX
RpoD,galE
RpoD,galK
RpoD,galM
RpoD,galP
RpoD,GalR
RpoD,GalS
RpoD,galT
RpoD,gapA
RpoD,garK
RpoD,garL
RpoD,garP
RpoD,garR
RpoD,gatA
RpoD,gatB
RpoD,gatD
RpoD,gatY
RpoD,gatZ
RpoD,gcd
RpoD,gcl
RpoD,GcvA
RpoD,gcvB
RpoD,gcvH
RpoD,gcvP
RpoD,gcvR
RpoD,gcvT
RpoD,gdhA
RpoD,gfcA
RpoD,glcA
RpoD,glcB
RpoD,GlcC
RpoD,glcD
RpoD,glcE
RpoD,glcF
RpoD,glcG
RpoD,glgA
RpoD,glgB
RpoD,glgC
RpoD,glgP
RpoD,glgX
RpoD,glk
RpoD,glmS
RpoD,glmU
RpoD,glmY
RpoD,glmZ
RpoD,glnA
RpoD,glnB
RpoD,NtrC
RpoD,glnL
RpoD,glnQ
RpoD,glnS
RpoD,glnU
RpoD,glnV
RpoD,glnW
RpoD,glnX
RpoD,gloA
RpoD,glpA
RpoD,glpB
RpoD,glpC
RpoD,glpD
RpoD,glpF
RpoD,glpK
RpoD,glpQ
RpoD,glpT
RpoD,glpX
RpoD,glrK
RpoD,gltA
RpoD,gltB
RpoD,gltD
RpoD,gltF
RpoD,gltI
RpoD,gltJ
RpoD,gltK
RpoD,gltL
RpoD,gltT
RpoD,gltU
RpoD,gltV
RpoD,gltW
RpoD,gltX
RpoD,gluQ
RpoD,glxK
RpoD,glxR
RpoD,glyA
RpoD,glyQ
RpoD,glyS
RpoD,glyT
RpoD,glyU
RpoD,glyV
RpoD,glyW
RpoD,glyX
RpoD,glyY
RpoD,gmk
RpoD,gnd
RpoD,gnsA
RpoD,gntK
RpoD,gntP
RpoD,GntR
RpoD,gntT
RpoD,gntU
RpoD,gor
RpoD,gph
RpoD,gpmA
RpoD,gpsA
RpoD,gpt
RpoD,grcA
RpoD,greA
RpoD,groL
RpoD,groS
RpoD,grxB
RpoD,grxC
RpoD,grxD
RpoD,gsk
RpoD,gspA
RpoD,gspB
RpoD,gspC
RpoD,gspD
RpoD,gspE
RpoD,gspF
RpoD,gspG
RpoD,gspH
RpoD,gspI
RpoD,gspJ
RpoD,gspK
RpoD,gspL
RpoD,gspM
RpoD,gspO
RpoD,guaA
RpoD,guaB
RpoD,GutM
RpoD,gutQ
RpoD,gyrA
RpoD,gyrB
RpoD,hchA
RpoD,hdeA
RpoD,hdeB
RpoD,hdeD
RpoD,hemA
RpoD,hemB
RpoD,hemF
RpoD,hemH
RpoD,hemN
RpoD,hflC
RpoD,hflD
RpoD,hflK
RpoD,hflX
RpoD,hfq
RpoD,hha
RpoD,hicA
RpoD,HicB
RpoD,HigA
RpoD,HigBA
RpoD,HipAB
RpoD,HipB
RpoD,hisA
RpoD,hisB
RpoD,hisF
RpoD,hisH
RpoD,hisI
RpoD,hisJ
RpoD,hisM
RpoD,hisP
RpoD,hisQ
RpoD,hisR
RpoD,hisS
RpoD,hiuH
RpoD,H-NS
RpoD,hofB
RpoD,hofC
RpoD,hokD
RpoD,hpf
RpoD,hpt
RpoD,hscA
RpoD,hscB
RpoD,hslJ
RpoD,htrE
RpoD,HU
RpoD,hyaA
RpoD,hyaB
RpoD,hyaC
RpoD,hyaD
RpoD,hyaE
RpoD,hyaF
RpoD,hybA
RpoD,hybB
RpoD,hybC
RpoD,hybD
RpoD,hybE
RpoD,hybF
RpoD,hybG
RpoD,hybO
RpoD,hyi
RpoD,hypF
RpoD,ibsC
RpoD,ibsD
RpoD,icd
RpoD,idlP
RpoD,idnK
RpoD,IdnR
RpoD,IHF
RpoD,ileS
RpoD,ileT
RpoD,ileU
RpoD,ileV
RpoD,ileX
RpoD,ilvA
RpoD,ilvB
RpoD,ilvC
RpoD,ilvD
RpoD,ilvE
RpoD,ilvH
RpoD,ilvI
RpoD,ilvL
RpoD,ilvM
RpoD,ilvN
RpoD,ilvX
RpoD,IlvY
RpoD,inaA
RpoD,infA
RpoD,infB
RpoD,infC
RpoD,intS
RpoD,iraD
RpoD,iraM
RpoD,iraP
RpoD,iscA
RpoD,IscR
RpoD,iscS
RpoD,iscU
RpoD,iscX
RpoD,ispA
RpoD,ispH
RpoD,isrC
RpoD,istR
RpoD,ivbL
RpoD,katG
RpoD,kbaY
RpoD,kbaZ
RpoD,kbl
RpoD,kdpA
RpoD,kdpB
RpoD,kdpC
RpoD,kdpF
RpoD,kdsA
RpoD,kdsB
RpoD,kdsC
RpoD,kdsD
RpoD,lacA
RpoD,LacI
RpoD,lacY
RpoD,lacZ
RpoD,lamB
RpoD,lapA
RpoD,lapB
RpoD,ldtC
RpoD,leuA
RpoD,leuB
RpoD,leuC
RpoD,leuD
RpoD,leuL
RpoD,LeuO
RpoD,leuP
RpoD,leuQ
RpoD,leuT
RpoD,leuU
RpoD,leuV
RpoD,leuW
RpoD,leuX
RpoD,leuZ
RpoD,LexA
RpoD,lgt
RpoD,lipB
RpoD,livF
RpoD,livG
RpoD,livH
RpoD,livJ
RpoD,livK
RpoD,livM
RpoD,lldD
RpoD,lldP
RpoD,LldR
RpoD,loiP
RpoD,lolA
RpoD,lon
RpoD,lpd
RpoD,lptA
RpoD,lptB
RpoD,lptC
RpoD,lptD
RpoD,lpxC
RpoD,lpxT
RpoD,Lrp
RpoD,lspA
RpoD,lsrK
RpoD,LsrR
RpoD,lysA
RpoD,lysC
RpoD,lysO
RpoD,lysP
RpoD,LysR
RpoD,lysT
RpoD,lysU
RpoD,lysV
RpoD,lysW
RpoD,lyxK
RpoD,malE
RpoD,malF
RpoD,malG
RpoD,malH
RpoD,MalI
RpoD,malK
RpoD,malM
RpoD,malP
RpoD,malQ
RpoD,malS
RpoD,MalT
RpoD,malX
RpoD,malY
RpoD,manA
RpoD,manX
RpoD,manY
RpoD,manZ
RpoD,MarA
RpoD,marB
RpoD,MarR
RpoD,MazE
RpoD,MazE-MazF
RpoD,mcbA
RpoD,mdh
RpoD,mdtE
RpoD,mdtF
RpoD,mdtI
RpoD,mdtJ
RpoD,mdtU
RpoD,melA
RpoD,melB
RpoD,MelR
RpoD,menA
RpoD,mepH
RpoD,metA
RpoD,metB
RpoD,metC
RpoD,metF
RpoD,metG
RpoD,metH
RpoD,metI
RpoD,MetJ
RpoD,metK
RpoD,metL
RpoD,metN
RpoD,metQ
RpoD,metT
RpoD,metU
RpoD,metV
RpoD,metW
RpoD,metY
RpoD,metZ
RpoD,mfd
RpoD,mglA
RpoD,mglB
RpoD,mglC
RpoD,mgrR
RpoD,mgtA
RpoD,mgtL
RpoD,mgtS
RpoD,mhpA
RpoD,mhpB
RpoD,mhpC
RpoD,mhpD
RpoD,mhpE
RpoD,mhpF
RpoD,MhpR
RpoD,miaA
RpoD,micC
RpoD,micF
RpoD,mioC
RpoD,Mlc
RpoD,MlrA
RpoD,mltF
RpoD,mngB
RpoD,MngR
RpoD,mnmG
RpoD,mntH
RpoD,mntP
RpoD,mntS
RpoD,modA
RpoD,modB
RpoD,modC
RpoD,moeA
RpoD,moeB
RpoD,mpl
RpoD,MprA
RpoD,MqsA
RpoD,mqsR
RpoD,mraY
RpoD,MraZ
RpoD,mreB
RpoD,mreC
RpoD,mreD
RpoD,mrp
RpoD,msrB
RpoD,mtlA
RpoD,mtlD
RpoD,mtlR
RpoD,mtn
RpoD,mtr
RpoD,mukB
RpoD,mukE
RpoD,mukF
RpoD,murC
RpoD,murD
RpoD,murE
RpoD,murF
RpoD,murG
RpoD,murI
RpoD,murP
RpoD,murQ
RpoD,MurR
RpoD,mutL
RpoD,mzrA
RpoD,nadB
RpoD,nadE
RpoD,nagA
RpoD,nagB
RpoD,NagC
RpoD,nagE
RpoD,nanA
RpoD,nanE
RpoD,nanK
RpoD,nanQ
RpoD,nanT
RpoD,nanY
RpoD,napA
RpoD,napB
RpoD,napC
RpoD,napD
RpoD,napF
RpoD,napG
RpoD,napH
RpoD,narG
RpoD,narH
RpoD,narI
RpoD,narJ
RpoD,narK
RpoD,NarL
RpoD,narS
RpoD,narU
RpoD,narX
RpoD,ndh
RpoD,nei
RpoD,nemA
RpoD,NemR
RpoD,nfeF
RpoD,nfo
RpoD,nfsA
RpoD,nfsB
RpoD,nfuA
RpoD,nhaA
RpoD,NhaR
RpoD,nirB
RpoD,nirC
RpoD,nirD
RpoD,nlpD
RpoD,nnr
RpoD,nohA
RpoD,npr
RpoD,nrdA
RpoD,nrdB
RpoD,nrdD
RpoD,nrdE
RpoD,nrdF
RpoD,nrdG
RpoD,nrdH
RpoD,nrdI
RpoD,NrdR
RpoD,nrfA
RpoD,nrfB
RpoD,nrfC
RpoD,nrfD
RpoD,nrfE
RpoD,nrfF
RpoD,nrfG
RpoD,nudB
RpoD,nuoA
RpoD,nuoB
RpoD,nuoC
RpoD,nuoE
RpoD,nuoF
RpoD,nuoG
RpoD,nuoH
RpoD,nuoI
RpoD,nuoJ
RpoD,nuoK
RpoD,nuoL
RpoD,nuoM
RpoD,nuoN
RpoD,nupC
RpoD,nupG
RpoD,nusA
RpoD,nusB
RpoD,obgE
RpoD,ohsC
RpoD,ompA
RpoD,ompC
RpoD,ompF
RpoD,ompN
RpoD,OmpR
RpoD,ompX
RpoD,opgG
RpoD,opgH
RpoD,osmB
RpoD,osmC
RpoD,osmE
RpoD,osmY
RpoD,oxc
RpoD,OxyR
RpoD,oxyS
RpoD,paaA
RpoD,paaB
RpoD,paaC
RpoD,paaD
RpoD,paaE
RpoD,paaF
RpoD,paaG
RpoD,paaH
RpoD,paaI
RpoD,paaJ
RpoD,paaK
RpoD,PaaX
RpoD,paaY
RpoD,pabA
RpoD,panB
RpoD,panC
RpoD,panD
RpoD,panF
RpoD,patZ
RpoD,pck
RpoD,pcm
RpoD,pcnB
RpoD,PdeL
RpoD,PdhR
RpoD,pdxJ
RpoD,PepA
RpoD,pepD
RpoD,pepP
RpoD,pfkA
RpoD,pflA
RpoD,pflB
RpoD,pgi
RpoD,pgk
RpoD,pgpA
RpoD,pgpB
RpoD,pheA
RpoD,pheL
RpoD,pheP
RpoD,pheU
RpoD,pheV
RpoD,phnC
RpoD,phnD
RpoD,phnF
RpoD,phnG
RpoD,phnH
RpoD,phnI
RpoD,phnJ
RpoD,phnK
RpoD,phnL
RpoD,phnM
RpoD,phnN
RpoD,phnO
RpoD,phnP
RpoD,phoA
RpoD,PhoB
RpoD,phoE
RpoD,phoH
RpoD,phoR
RpoD,phoU
RpoD,pitB
RpoD,PlaR
RpoD,pldA
RpoD,plsX
RpoD,pncB
RpoD,pnp
RpoD,pntA
RpoD,pntB
RpoD,polB
RpoD,poxB
RpoD,ppdD
RpoD,ppiA
RpoD,ppiD
RpoD,ppsA
RpoD,pqiA
RpoD,pqiB
RpoD,pqiC
RpoD,preA
RpoD,preT
RpoD,prfA
RpoD,prfC
RpoD,priB
RpoD,prlF
RpoD,prmA
RpoD,prmC
RpoD,proK
RpoD,proL
RpoD,proM
RpoD,proP
RpoD,proS
RpoD,proV
RpoD,proW
RpoD,proX
RpoD,PrpR
RpoD,prs
RpoD,psiE
RpoD,psiF
RpoD,PspF
RpoD,pssA
RpoD,pstA
RpoD,pstB
RpoD,pstC
RpoD,pstS
RpoD,pta
RpoD,pth
RpoD,ptrA
RpoD,ptsG
RpoD,ptsH
RpoD,ptsI
RpoD,ptsN
RpoD,purA
RpoD,purB
RpoD,purC
RpoD,purD
RpoD,purE
RpoD,purF
RpoD,purH
RpoD,purK
RpoD,purL
RpoD,purM
RpoD,purN
RpoD,PurR
RpoD,purT
RpoD,PutA
RpoD,putP
RpoD,pykA
RpoD,pykF
RpoD,pyrC
RpoD,pyrD
RpoD,pyrF
RpoD,pyrH
RpoD,QseB
RpoD,qseC
RpoD,rapA
RpoD,rapZ
RpoD,rarA
RpoD,rbfA
RpoD,rbn
RpoD,rbsA
RpoD,rbsB
RpoD,rbsC
RpoD,rbsD
RpoD,rbsK
RpoD,RbsR
RpoD,rcnA
RpoD,rcnB
RpoD,RcnR
RpoD,RcsAB
RpoD,RcsB
RpoD,rcsD
RpoD,rdlD
RpoD,recA
RpoD,recB
RpoD,recC
RpoD,recD
RpoD,recF
RpoD,recG
RpoD,recJ
RpoD,recN
RpoD,recO
RpoD,recQ
RpoD,recX
RpoD,relA
RpoD,RelB
RpoD,RelB-RelE
RpoD,rep
RpoD,rfaD
RpoD,rfe
RpoD,rffC
RpoD,rffG
RpoD,rffH
RpoD,rffM
RpoD,rhaA
RpoD,rhaB
RpoD,rhaD
RpoD,RhaR
RpoD,RhaS
RpoD,rhaT
RpoD,ribA
RpoD,ribD
RpoD,ribE
RpoD,ribF
RpoD,rihB
RpoD,rimK
RpoD,rimM
RpoD,rimP
RpoD,rirA
RpoD,rlmE
RpoD,rluA
RpoD,rnb
RpoD,rnc
RpoD,rnd
RpoD,rne
RpoD,rnlA
RpoD,rnlB
RpoD,rnpB
RpoD,rpe
RpoD,rpiB
RpoD,rplB
RpoD,rplC
RpoD,rplD
RpoD,rplI
RpoD,rplP
RpoD,rplQ
RpoD,rplS
RpoD,rplT
RpoD,rplU
RpoD,rplV
RpoD,rplW
RpoD,rplY
RpoD,rpmA
RpoD,rpmC
RpoD,rpmI
RpoD,rpoA
RpoD,RpoD
RpoD,RpoE
RpoD,RpoH
RpoD,RpoN
RpoD,RpoS
RpoD,rpoZ
RpoD,rpsA
RpoD,rpsB
RpoD,rpsC
RpoD,rpsD
RpoD,rpsF
RpoD,rpsJ
RpoD,rpsK
RpoD,rpsM
RpoD,rpsO
RpoD,rpsP
RpoD,rpsQ
RpoD,rpsR
RpoD,rpsS
RpoD,rpsU
RpoD,rraA
RpoD,rraB
RpoD,rrfA
RpoD,rrfB
RpoD,rrfC
RpoD,rrfD
RpoD,rrfE
RpoD,rrfF
RpoD,rrfG
RpoD,rrfH
RpoD,rrlA
RpoD,rrlB
RpoD,rrlC
RpoD,rrlD
RpoD,rrlE
RpoD,rrlG
RpoD,rrlH
RpoD,rrsA
RpoD,rrsB
RpoD,rrsC
RpoD,rrsD
RpoD,rrsE
RpoD,rrsG
RpoD,rrsH
RpoD,rsd
RpoD,rseA
RpoD,rseB
RpoD,rseC
RpoD,rseD
RpoD,rsmG
RpoD,rsmH
RpoD,RutR
RpoD,ruvC
RpoD,rybA
RpoD,rydC
RpoD,ryeA
RpoD,ryfD
RpoD,ryhB
RpoD,ryjB
RpoD,safA
RpoD,sbcC
RpoD,sbcD
RpoD,sdhA
RpoD,sdhB
RpoD,sdhC
RpoD,sdhD
RpoD,sdhX
RpoD,SdiA
RpoD,secB
RpoD,secG
RpoD,serA
RpoD,serC
RpoD,serT
RpoD,serU
RpoD,serV
RpoD,serW
RpoD,serX
RpoD,setA
RpoD,sfsA
RpoD,sgbE
RpoD,sgbH
RpoD,sgbU
RpoD,SgrR
RpoD,sgrS
RpoD,sgrT
RpoD,shiA
RpoD,shoB
RpoD,sibA
RpoD,sibB
RpoD,sibD
RpoD,sibE
RpoD,sixA
RpoD,slmA
RpoD,slp
RpoD,sodA
RpoD,sodB
RpoD,sohB
RpoD,sokB
RpoD,sokC
RpoD,SoxR
RpoD,SoxS
RpoD,speA
RpoD,speB
RpoD,speD
RpoD,speE
RpoD,spf
RpoD,spoT
RpoD,spy
RpoD,sraG
RpoD,srkA
RpoD,srlA
RpoD,srlB
RpoD,srlD
RpoD,srlE
RpoD,SrlR
RpoD,sroA
RpoD,sroC
RpoD,ssb
RpoD,ssnA
RpoD,ssrA
RpoD,ssrS
RpoD,ssuA
RpoD,ssuB
RpoD,ssuC
RpoD,ssuD
RpoD,ssuE
RpoD,stfQ
RpoD,StpA
RpoD,sucA
RpoD,sucB
RpoD,sucC
RpoD,sucD
RpoD,sufA
RpoD,sufB
RpoD,sufC
RpoD,sufD
RpoD,sufE
RpoD,sufS
RpoD,sulA
RpoD,SutR
RpoD,symE
RpoD,symR
RpoD,tatA
RpoD,tatB
RpoD,tatC
RpoD,tatD
RpoD,tcyJ
RpoD,tdh
RpoD,tfaQ
RpoD,tff
RpoD,thiB
RpoD,thiL
RpoD,thiP
RpoD,thiQ
RpoD,thrA
RpoD,thrB
RpoD,thrC
RpoD,thrL
RpoD,thrT
RpoD,thrU
RpoD,thrV
RpoD,thrW
RpoD,thyA
RpoD,tnaA
RpoD,tnaB
RpoD,tnaC
RpoD,tomB
RpoD,tonB
RpoD,topA
RpoD,torA
RpoD,torC
RpoD,torD
RpoD,TorR
RpoD,tpiA
RpoD,tpr
RpoD,tpx
RpoD,treB
RpoD,treC
RpoD,TreR
RpoD,trmD
RpoD,trmH
RpoD,trpA
RpoD,trpB
RpoD,trpC
RpoD,trpD
RpoD,trpE
RpoD,trpL
RpoD,TrpR
RpoD,trpS
RpoD,truB
RpoD,trxA
RpoD,trxC
RpoD,tsaE
RpoD,tsf
RpoD,tsr
RpoD,tsx
RpoD,ttdA
RpoD,ttdB
RpoD,ttdT
RpoD,tufA
RpoD,tufB
RpoD,tynA
RpoD,tyrA
RpoD,tyrB
RpoD,tyrP
RpoD,TyrR
RpoD,tyrT
RpoD,tyrU
RpoD,tyrV
RpoD,ubiA
RpoD,ubiC
RpoD,ubiG
RpoD,ubiH
RpoD,ubiI
RpoD,ubiX
RpoD,udp
RpoD,ugpA
RpoD,ugpB
RpoD,ugpC
RpoD,ugpE
RpoD,ugpQ
RpoD,uhpT
RpoD,UidR
RpoD,ulaA
RpoD,ulaB
RpoD,ulaC
RpoD,ulaD
RpoD,ulaE
RpoD,ulaF
RpoD,umpG
RpoD,umpH
RpoD,umuC
RpoD,umuD
RpoD,upp
RpoD,uraA
RpoD,uspA
RpoD,uvrA
RpoD,uvrB
RpoD,uvrC
RpoD,uvrD
RpoD,UvrY
RpoD,uxaA
RpoD,uxaB
RpoD,uxaC
RpoD,uxuA
RpoD,uxuB
RpoD,UxuR
RpoD,valS
RpoD,valT
RpoD,valU
RpoD,valV
RpoD,valW
RpoD,valX
RpoD,valY
RpoD,waaA
RpoD,waaB
RpoD,waaC
RpoD,waaF
RpoD,waaG
RpoD,waaH
RpoD,waaJ
RpoD,waaL
RpoD,waaO
RpoD,waaP
RpoD,waaQ
RpoD,waaS
RpoD,waaU
RpoD,waaY
RpoD,waaZ
RpoD,wcaA
RpoD,wcaB
RpoD,wecB
RpoD,wecC
RpoD,wecE
RpoD,wecF
RpoD,wza
RpoD,wzb
RpoD,wzc
RpoD,wzxE
RpoD,wzyE
RpoD,wzzE
RpoD,xapA
RpoD,xapB
RpoD,XapR
RpoD,xerC
RpoD,xerD
RpoD,xseA
RpoD,xseB
RpoD,xylE
RpoD,yacC
RpoD,yadS
RpoD,yadV
RpoD,yafN
RpoD,yafO
RpoD,yafP
RpoD,yagK
RpoD,yaiA
RpoD,yajG
RpoD,yajO
RpoD,ybbW
RpoD,ybbY
RpoD,ybdN
RpoD,ybdZ
RpoD,ybeD
RpoD,ybhF
RpoD,ybhG
RpoD,ybhL
RpoD,ybhR
RpoD,ybhS
RpoD,ybiB
RpoD,ybjC
RpoD,ybjN
RpoD,ycaR
RpoD,yccA
RpoD,ycdZ
RpoD,yceI
RpoD,yceJ
RpoD,ycgZ
RpoD,ychA
RpoD,ychF
RpoD,ychH
RpoD,ychO
RpoD,ychQ
RpoD,yciB
RpoD,yciC
RpoD,yciE
RpoD,yciH
RpoD,yciW
RpoD,yciX
RpoD,ydeI
RpoD,ydeJ
RpoD,ydeM
RpoD,ydeN
RpoD,YdeO
RpoD,ydeP
RpoD,ydfA
RpoD,ydfB
RpoD,ydfC
RpoD,ydfD
RpoD,ydfW
RpoD,ydfX
RpoD,ydjM
RpoD,yeaE
RpoD,yeaR
RpoD,yebB
RpoD,yebC
RpoD,yebE
RpoD,yebG
RpoD,YefM
RpoD,YefM-YoeB
RpoD,yegR
RpoD,yehF
RpoD,yeiB
RpoD,yfaE
RpoD,yfdE
RpoD,yfdV
RpoD,yfdX
RpoD,yffB
RpoD,yfgG
RpoD,yfiB
RpoD,yfiR
RpoD,ygeA
RpoD,ygeH
RpoD,ygfB
RpoD,yhaV
RpoD,yhbE
RpoD,yhdT
RpoD,yhfA
RpoD,yhgH
RpoD,yhhY
RpoD,yhiD
RpoD,yhjR
RpoD,yhjX
RpoD,yiaK
RpoD,yiaL
RpoD,yiaM
RpoD,yiaN
RpoD,yiaO
RpoD,yibN
RpoD,yifL
RpoD,yigA
RpoD,yigB
RpoD,yihI
RpoD,yihS
RpoD,yihT
RpoD,yihU
RpoD,yihV
RpoD,yjbE
RpoD,yjbF
RpoD,yjbG
RpoD,yjbH
RpoD,yjcH
RpoD,yjeV
RpoD,YjjQ
RpoD,yjjZ
RpoD,ykgM
RpoD,ykgO
RpoD,ykgR
RpoD,yliM
RpoD,ymgA
RpoD,ymgC
RpoD,ymiA
RpoD,ymiC
RpoD,ynfE
RpoD,ynfF
RpoD,ynfG
RpoD,ynfH
RpoD,yoaE
RpoD,yoaG
RpoD,yobF
RpoD,yojI
RpoD,ypfN
RpoD,yqhD
RpoD,yqjA
RpoD,yrbG
RpoD,yrbN
RpoD,ysgA
RpoD,ytiC
RpoD,ytiD
RpoD,zinT
RpoD,zntA
RpoD,znuB
RpoD,znuC
RpoD,zwf
TyrR,tyrP
SutR,SutR
SdiA,ftsQ
RhaS,rhaT
RhaS,RhaS
RhaS,RhaR
QseB,FeaR
PhoP,slyB
PhoP,phoQ
PhoP,PhoP
PhoB,ugpQ
PhoB,ugpE
PhoB,ugpC
PhoB,ugpB
PhoB,ugpA
OxyR,elaB
OmpR,ompF
NtrC,glnQ
NtrC,glnP
NtrC,glnL
NtrC,glnH
NtrC,NtrC
NtrC,glnA
NarP,napH
NarP,napG
NarP,napF
NarP,napD
NarP,napC
NarP,napB
NarP,napA
NarP,ccmH
NarP,ccmG
NarP,ccmF
NarP,ccmE
NarP,ccmD
NarP,ccmC
NarP,ccmB
NarP,ccmA
NarL,nrfG
NarL,nrfF
NarL,nrfE
NarL,nrfD
NarL,nrfC
NarL,nrfB
NarL,nrfA
NagC,glmU
NagC,glmS
MurR,MurR
MetR,glyA
MelR,MelR
MelR,melB
MelR,melA
Lrp,serA
Lrp,osmC
Lrp,ilvI
Lrp,ilvH
LldR,LldR
LldR,lldP
LldR,lldD
LeuO,LeuO
IHF,ssuE
IHF,ssuD
IHF,ssuC
IHF,ssuB
IHF,ssuA
IHF,ompF
IHF,nrfG
IHF,nrfF
IHF,nrfE
IHF,nrfD
IHF,nrfC
IHF,nrfB
IHF,nrfA
IHF,norW
IHF,norV
IHF,nirD
IHF,nirC
IHF,nirB
IHF,ilvX
IHF,ilvM
IHF,ilvL
IHF,ilvE
IHF,ilvD
IHF,ilvA
IHF,cysG
IHF,carB
IHF,carA
H-NS,hlyE
GcvA,gcvT
GcvA,gcvP
GcvA,gcvH
GalS,galT
GalS,galM
GalS,galK
GalS,galE
GalR,galT
GalR,galM
GalR,galK
GalR,galE
GadX,yhiD
GadX,hdeB
GadX,hdeA
GadX,GadW
GadW,yhiD
GadW,hdeB
GadW,hdeA
GadW,GadX
GadW,gadC
GadW,gadB
GadW,gadA
Fur,tonB
Fur,lpd
Fur,glnK
Fur,gdhA
Fur,entS
Fur,amtB
Fis,topA
Fis,ssrS
Fis,rnpB
Fis,ptsG
Fis,ndh
Fis,fau
Fnr,PdhR
Fnr,ompW
Fnr,lpd
Fnr,grcA
Fnr,glnK
Fnr,glnD
Fnr,fdnI
Fnr,fdnH
Fnr,fdnG
Fnr,cydB
Fnr,cydA
Fnr,aspC
Fnr,ArcA
Fnr,amtB
Fnr,aceF
Fnr,aceE
DnaA,yfaE
DnaA,recF
DnaA,nrdB
DnaA,nrdA
DnaA,dnaN
DnaA,DnaA
Cra,ptsI
Cra,ptsH
Cra,crr
ChbR,ChbR
ChbR,chbG
ChbR,chbF
ChbR,chbC
ChbR,chbB
ChbR,chbA
Crp,yiaO
Crp,yiaN
Crp,yiaM
Crp,yiaL
Crp,yiaK
Crp,yhfA
Crp,ycdZ
Crp,ybiT
Crp,umpH
Crp,udp
Crp,tsx
Crp,treC
Crp,treB
Crp,sgbU
Crp,sgbH
Crp,sgbE
Crp,RpoH
Crp,ptsI
Crp,ptsH
Crp,proP
Crp,ppiA
Crp,pck
Crp,OmpR
Crp,nupG
Crp,nagE
Crp,NagC
Crp,nagB
Crp,nagA
Crp,Mlc
Crp,manA
Crp,MalI
Crp,lyxK
Crp,lpd
Crp,ldtB
Crp,lacZ
Crp,lacY
Crp,lacA
Crp,glnL
Crp,NtrC
Crp,glnA
Crp,galT
Crp,galM
Crp,galK
Crp,galE
Crp,fumC
Crp,Fis
Crp,envZ
Crp,dusB
Crp,deoD
Crp,deoC
Crp,deoB
Crp,deoA
Crp,dadX
Crp,dadA
Crp,CytR
Crp,CsqR
Crp,crr
Crp,Crp
Crp,CRP-Sxy
Crp,cdd
Crp,araJ
BolA,dacC
BolA,ampC
ArcA,sucD
ArcA,sucC
ArcA,sucB
ArcA,sucA
ArcA,sdhX
ArcA,sdhD
ArcA,sdhC
ArcA,sdhB
ArcA,sdhA
AraC,araD
AraC,AraC
AraC,araB
AraC,araA
Ada,alkB
Ada,Ada
FrmR,FrmR
FrmR,frmA
FrmR,frmB
AraC,yjfF
AraC,ytfT
AraC,ytfR
AraC,ytfQ
Lrp,ZntR
Lrp,zitB
Lrp,zipA
Lrp,ytjB
Lrp,ytfJ
Lrp,ytfB
Lrp,yqeG
Lrp,yodC
Lrp,yoaH
Lrp,ynjH
Lrp,ykgE
Lrp,yjiL
Lrp,yjfP
Lrp,yjeH
Lrp,yjbR
Lrp,yiiM
Lrp,yicH
Lrp,yibT
Lrp,yibL
Lrp,yiaG
Lrp,yhjR
Lrp,yhjJ
Lrp,yhiM
Lrp,yhhA
Lrp,yhdV
Lrp,yhdN
Lrp,yhcN
Lrp,yhbY
Lrp,ygiW
Lrp,YgiV
Lrp,yfiB
Lrp,yfaP
Lrp,tsuA
Lrp,yebF
Lrp,yeaG
Lrp,yeaE
Lrp,ydhQ
Lrp,ydgH
Lrp,ydeN
Lrp,ydeE
Lrp,ydcL
Lrp,ydcK
Lrp,yciZ
Lrp,YciT
Lrp,ychE
Lrp,ycgB
Lrp,ycfJ
Lrp,yceB
Lrp,trhO
Lrp,ybjX
Lrp,ybjN
Lrp,ybiT
Lrp,ybiO
Lrp,ybiI
Lrp,ybhQ
Lrp,ybgA
Lrp,ybeX
Lrp,ybdL
Lrp,ybdG
Lrp,ybdF
Lrp,yaiY
Lrp,yagU
Lrp,yaeQ
Lrp,yacL
Lrp,yabQ
Lrp,yaaX
Lrp,wecB
Lrp,upp
Lrp,ubiA
Lrp,trxB
Lrp,treA
Lrp,topA
Lrp,thiC
Lrp,sulA
Lrp,sthA
Lrp,sstT
Lrp,sroH
Lrp,SoxS
Lrp,slyX
Lrp,SlyA
Lrp,serS
Lrp,sad
Lrp,rseA
Lrp,rsd
Lrp,rpsH
Lrp,RpoN
Lrp,rplR
Lrp,rplF
Lrp,rpiB
Lrp,rpiA
Lrp,rnr
Lrp,rlmE
Lrp,ribE
Lrp,rhtB
Lrp,relA
Lrp,radD
Lrp,QseB
Lrp,pyrI
Lrp,purT
Lrp,purM
Lrp,ptsN
Lrp,pspG
Lrp,proP
Lrp,prlF
Lrp,ppsA
Lrp,ppk
Lrp,polA
Lrp,pntA
Lrp,pncB
Lrp,phoH
Lrp,phoA
Lrp,pgl
Lrp,panZ
Lrp,pal
Lrp,pabB
Lrp,ompT
Lrp,nusB
Lrp,nuoA
Lrp,napF
Lrp,Nac
Lrp,mutY
Lrp,mscS
Lrp,mscK
Lrp,msbA
Lrp,modA
Lrp,mnmA
Lrp,metT
Lrp,metH
Lrp,menA
Lrp,manA
Lrp,lpxL
Lrp,lolA
Lrp,lipA
Lrp,LeuO
Lrp,leuL
Lrp,leuA
Lrp,ldhA
Lrp,katE
Lrp,iraP
Lrp,iraD
Lrp,intZ
Lrp,insH3
Lrp,insC5
Lrp,ibpB
Lrp,ibpA
Lrp,htrE
Lrp,hspQ
Lrp,hpf
Lrp,hlyE
Lrp,groS
Lrp,groL
Lrp,gpt
Lrp,gltP
Lrp,glnQ
Lrp,glnL
Lrp,glnK
Lrp,glnH
Lrp,glnA
Lrp,glgC
Lrp,glcA
Lrp,gdhA
Lrp,gadY
Lrp,GadW
Lrp,gadB
Lrp,fxsA
Lrp,fumA
Lrp,frdB
Lrp,frdA
Lrp,FliA
Lrp,fadL
Lrp,fadI
Lrp,exbB
Lrp,eptB
Lrp,eno
Lrp,emrD
Lrp,dtpB
Lrp,dppA
Lrp,dhaK
Lrp,dgcZ
Lrp,dgcQ
Lrp,dgcM
Lrp,dgcJ
Lrp,deoB
Lrp,dedA
Lrp,deaD
Lrp,CysB
Lrp,cydC
Lrp,rdcA
Lrp,creA
Lrp,cpoB
Lrp,clpS
Lrp,clpP
Lrp,chbG
Lrp,Cbl
Lrp,can
Lrp,btuE
Lrp,bssS
Lrp,borD
Lrp,atpH
Lrp,atpA
Lrp,astC
Lrp,aspS
Lrp,aspC
Lrp,asnB
Lrp,asnA
Lrp,artP
Lrp,artI
Lrp,aroG
Lrp,argT
Lrp,argS
Lrp,ArgR
Lrp,argA
Lrp,arcB
Lrp,aphA
Lrp,amiC
Lrp,AlaS
Lrp,aer
Lrp,acrZ
Lrp,yzgL
Lrp,ytfK
Lrp,yqeF
Lrp,yjiC
Lrp,yjeM
Lrp,yjbQ
Lrp,yjbJ
Lrp,yhjE
Lrp,yhhW
Lrp,patA
Lrp,yfcZ
Lrp,yfcC
Lrp,yehL
Lrp,yciN
Lrp,ycaM
Lrp,ybjS
Lrp,ybiJ
Lrp,ybgS
Lrp,uspE
Lrp,TyrR
Lrp,tyrP
Lrp,dtpA
Lrp,thrL
Lrp,serB
Lrp,sdaC
Lrp,ppx
Lrp,potF
Lrp,pepD
Lrp,mtr
Lrp,mqo
Lrp,metK
Lrp,LrhA
Lrp,lolC
Lrp,ftsQ
Lrp,eco
Lrp,cycA
Lrp,csiE
Lrp,brnQ
Lrp,aspA
Lrp,ansB
Lrp,aceB
GlaR,ZraR
GlaR,ypdC
GlaR,yobD
GlaR,ynjH
GlaR,YjjQ
GlaR,yjjP
GlaR,yjdP
GlaR,yihM
GlaR,yihD
GlaR,yigG
GlaR,yhcD
GlaR,ygiW
GlaR,yfiR
GlaR,dgcN
GlaR,yfiL
GlaR,yfdV
GlaR,yfcV
GlaR,yfcO
GlaR,yfbU
GlaR,hxpA
GlaR,yfbO
GlaR,yfbN
GlaR,yehS
GlaR,yehD
GlaR,yeaE
GlaR,ydfK
GlaR,YdeO
GlaR,ycjP
GlaR,yciU
GlaR,ychQ
GlaR,ycgY
GlaR,ycgJ
GlaR,yccT
GlaR,ycbV
GlaR,ycbU
GlaR,TtdR
GlaR,ttdA
GlaR,tehA
GlaR,tar
GlaR,tam
GlaR,sgcC
GlaR,safA
GlaR,rssB
GlaR,rpsF
GlaR,rpiB
GlaR,rhsD
GlaR,rfbB
GlaR,prmC
GlaR,priC
GlaR,ppx
GlaR,ppiB
GlaR,pliG
GlaR,phoH
GlaR,pdxA
GlaR,PdhR
GlaR,oxc
GlaR,nlpA
GlaR,murD
GlaR,mrdA
GlaR,mglA
GlaR,lsrG
GlaR,ldcC
GlaR,kdsA
GlaR,inaA
GlaR,idnK
GlaR,idnD
GlaR,htrE
GlaR,hinT
GlaR,gltF
GlaR,gdhA
GlaR,GcvA
GlaR,GadX
GlaR,GadW
GlaR,fhuE
GlaR,elfC
GlaR,dinQ
GlaR,dctR
GlaR,cysS
GlaR,cysN
GlaR,casA
GlaR,CadC
GlaR,bssS
GlaR,bdcA
GlaR,baeS
GlaR,aroP
GlaR,aroB
GlaR,apt
GlaR,alaE
GlaR,chaB
GlaR,chaC
GlaR,yodB
GlaR,ydhS
GlaR,ycgV
GlaR,pdeG
GlaR,ydfI
GlaR,ydcK
GlaR,yccU
GlaR,ynaE
GlaR,ypjA
GlaR,YgiV
GlaR,YqhC
GlaR,ybaN
GlaR,ygjI
GlaR,bdcR
GlaR,yjfY
GlaR,orn
GlaR,rsgA
GlaR,yfjD
GlaR,yfdC
GlaR,yadN
GlaR,yehE
GlaR,kdgT
GlaR,chaA
GlaR,smg
GlaR,yidB
PgrR,mppA
IHF,cycA
IHF,icd
CecR,rhlE
NagC,eutS
NagC,eutP
NagC,eutQ
NagC,eutT
NagC,eutD
NagC,eutM
SoxS,cadA
SoxS,yhbW
SoxS,mdaB
SoxS,map
SoxS,glnD
SoxS,dapD
SutR,ypfN
SutR,pfkB
SutR,ydcO
OxyR,xthA
YgbI,ygbK
YgbI,ygbJ
H-NS,cycA
H-NS,pagP
H-NS,gadC
H-NS,cbpA
H-NS,AscG
H-NS,iraP
H-NS,gadB
H-NS,ascF
H-NS,glvC
H-NS,adiC
H-NS,ddlA
H-NS,PdeL
Nac,znuA
Nac,ytfP
Nac,ytfK
Nac,ytfJ
Nac,ytfB
Nac,yqeJ
Nac,yqeH
Nac,yqeB
Nac,YefM-YoeB
Nac,yobF
Nac,yobB
Nac,yobA
Nac,ynjH
Nac,ynjF
Nac,hxpB
Nac,yniB
Nac,bidA
Nac,ynfG
Nac,ynfF
Nac,ynfE
Nac,ynfD
Nac,ynfB
Nac,mgtS
Nac,yneK
Nac,ynaK
Nac,ykgH
Nac,ykgE
Nac,yjhI
Nac,yjgH
Nac,yjfZ
Nac,yjeM
Nac,pdeC
Nac,yjcB
Nac,yjbQ
Nac,yjbB
Nac,yiiF
Nac,yiiE
Nac,yihQ
Nac,yihO
Nac,yihL
Nac,yihD
Nac,yigL
Nac,yigI
Nac,yifB
Nac,YieP
Nac,yieE
Nac,yidQ
Nac,yicJ
Nac,yhhZ
Nac,yhfZ
Nac,yhcD
Nac,yhcA
Nac,ubiU
Nac,ubiT
Nac,yhaB
Nac,ygiZ
Nac,ygiM
Nac,ygiL
Nac,ygiF
Nac,yghS
Nac,yggP
Nac,ygdB
Nac,ygcP
Nac,ygcO
Nac,ygcE
Nac,ygaZ
Nac,ygaV
Nac,ygaP
Nac,ygaM
Nac,ygaC
Nac,abpA
Nac,yfiR
Nac,yfiL
Nac,yfhL
Nac,yfgH
Nac,yfgG
Nac,pdeF
Nac,yfeS
Nac,yfeK
Nac,yfcP
Nac,yfcO
Nac,yfaE
Nac,lapC
Nac,yejG
Nac,yejB
Nac,yegR
Nac,yegL
Nac,yegH
Nac,HprR
Nac,yecF
Nac,yecE
Nac,yecD
Nac,rflP
Nac,ydiP
Nac,ydiO
Nac,ydiB
Nac,ydfR
Nac,ydfK
Nac,ydeQ
Nac,ydeP
Nac,ydcZ
Nac,YdcI
Nac,ydaU
Nac,ydaT
Nac,yciZ
Nac,ychA
Nac,ycgB
Nac,dgcT
Nac,ybjX
Nac,ybjQ
Nac,ybjP
Nac,ybgE
Nac,ybgC
Nac,ybfC
Nac,ybeU
Nac,ybeR
Nac,ybcV
Nac,ybbW
Nac,ybbC
Nac,ybaL
Nac,yajO
Nac,yaiZ
Nac,PdeL
Nac,yafV
Nac,DinJ-YafQ
Nac,yafO
Nac,yafN
Nac,yafD
Nac,yadM
Nac,yadC
Nac,xdhA
Nac,XapR
Nac,wzzE
Nac,wzc
Nac,wzb
Nac,wza
Nac,wrbA
Nac,wcaF
Nac,wcaE
Nac,waaG
Nac,waaF
Nac,uxaC
Nac,UvrY
Nac,uspG
Nac,uspA
Nac,UhpA
Nac,ubiA
Nac,trxB
Nac,torA
Nac,tomB
Nac,tolB
Nac,tnaC
Nac,tnaB
Nac,tnaA
Nac,thrS
Nac,thiL
Nac,tff
Nac,tfaR
Nac,tfaQ
Nac,TdcA
Nac,tauA
Nac,sucA
Nac,stfR
Nac,ssuE
Nac,SrlR
Nac,spf
Nac,sibE
Nac,sibA
Nac,shoB
Nac,shiA
Nac,selC
Nac,secG
Nac,sdhC
Nac,sdaA
Nac,scpB
Nac,sbcD
Nac,rutB
Nac,rsd
Nac,rpoZ
Nac,rpmH
Nac,rplU
Nac,rnlB
Nac,rluE
Nac,rimP
Nac,rfbC
Nac,rfbB
Nac,rep
Nac,RcsAB
Nac,queF
Nac,pyrL
Nac,pyrB
Nac,ptrA
Nac,pstS
Nac,pstC
Nac,prmB
Nac,ppiB
Nac,ppdC
Nac,ppc
Nac,polA
Nac,pntA
Nac,pldA
Nac,pitB
Nac,phoH
Nac,PhoB
Nac,pgaA
Nac,pfkB
Nac,pdxK
Nac,pabC
Nac,osmY
Nac,osmB
Nac,oppC
Nac,oppA
Nac,ompT
Nac,OmpR
Nac,ompN
Nac,ompF
Nac,ompA
Nac,nusB
Nac,nusA
Nac,nudC
Nac,nrfG
Nac,nrfF
Nac,nrdG
Nac,nlpE
Nac,nfrB
Nac,narX
Nac,narK
Nac,napC
Nac,napB
Nac,nanK
Nac,nanA
Nac,nadD
Nac,nadC
Nac,msrA
Nac,mscL
Nac,mreC
Nac,moeA
Nac,mobA
Nac,mntH
Nac,micC
Nac,mglB
Nac,mglA
Nac,metY
Nac,MetR
Nac,metE
Nac,mdtE
Nac,mcrB
Nac,mcbA
Nac,MarR
Nac,map
Nac,malY
Nac,MalI
Nac,macA
Nac,lysU
Nac,LysR
Nac,lysP
Nac,lysA
Nac,Lrp
Nac,lpxH
Nac,livM
Nac,livK
Nac,livH
Nac,leuU
Nac,LeuO
Nac,leuL
Nac,lepB
Nac,lepA
Nac,kdsA
Nac,kbl
Nac,kbaY
Nac,katG
Nac,ispD
Nac,iraP
Nac,intD
Nac,insK
Nac,ilvN
Nac,ilvL
Nac,ileY
Nac,icd
Nac,ibpA
Nac,iaaA
Nac,HU
Nac,htrE
Nac,htpX
Nac,htpG
Nac,holE
Nac,hofC
Nac,hfq
Nac,hemN
Nac,hemH
Nac,hemB
Nac,hchA
Nac,HcaR
Nac,hcaE
Nac,gudX
Nac,gspO
Nac,gspM
Nac,gspH
Nac,gspG
Nac,groS
Nac,gor
Nac,gmk
Nac,glxK
Nac,gltA
Nac,glpK
Nac,glcA
Nac,gcvT
Nac,gatA
Nac,GadX
Nac,GadE
Nac,GadE-RcsB
Nac,fucA
Nac,ftnB
Nac,fliD
Nac,fliC
Nac,fhuF
Nac,fepE
Nac,feaB
Nac,fdoG
Nac,exuT
Nac,EvgA
Nac,eutS
Nac,emrK
Nac,elfG
Nac,ecnB
Nac,ecnA
Nac,dsbG
Nac,dsbA
Nac,dppA
Nac,DnaA
Nac,dkgA
Nac,DhaR
Nac,dhaK
Nac,ddpC
Nac,dcyD
Nac,dcm
Nac,dapB
Nac,dadA
Nac,cysS
Nac,cysJ
Nac,cynT
Nac,CynR
Nac,cydA
Nac,cycA
Nac,csiE
Nac,glaH
Nac,cpdB
Nac,cobU
Nac,cobT
Nac,cmtB
Nac,cmtA
Nac,chpS
Nac,cho
Nac,cheA
Nac,cfa
Nac,CdaR
Nac,ccmH
Nac,ccmB
Nac,ccmA
Nac,CaiF
Nac,bssS
Nac,borD
Nac,blc
Nac,bglX
Nac,bglH
Nac,bglB
Nac,bfr
Nac,bfd
Nac,asnV
Nac,asnT
Nac,asnA
Nac,aroF
Nac,aroE
Nac,aroD
Nac,argU
Nac,argO
Nac,araF
Nac,araE
Nac,ansP
Nac,ansB
Nac,ampD
Nac,amn
Nac,amiB
Nac,AllR
Nac,alaC
Nac,ahpC
Nac,acrE
Nac,aceB
Nac,abgA
Nac,yrhB
Nac,yraH
Nac,yqeK
Nac,yohO
Nac,ynfA
Nac,ymjA
Nac,ykgL
Nac,yjgN
Nac,yjgM
Nac,yjeJ
Nac,yjeH
Nac,yjcO
Nac,yjcF
Nac,yjaH
Nac,yijO
Nac,yieH
Nac,yiaD
Nac,yhjE
Nac,yhjD
Nac,yhiJ
Nac,yhhQ
Nac,yhfL
Nac,yhdV
Nac,yhcC
Nac,yhbX
Nac,yhaI
Nac,ygjI
Nac,ygjH
Nac,ygiN
Nac,yghT
Nac,yghG
Nac,ygfI
Nac,ygeG
Nac,ygdR
Nac,ppnN
Nac,ygcS
Nac,yfjI
Nac,yfdV
Nac,yfdE
Nac,yfbV
Nac,yfbL
Nac,yfbK
Nac,yeiH
Nac,YeiE
Nac,yehE
Nac,yeeZ
Nac,yedL
Nac,yebQ
Nac,ydiY
Nac,ydiM
Nac,ydiL
Nac,fumD
Nac,ydgH
Nac,ydeE
Nac,ydcY
Nac,ortT
Nac,ycgX
Nac,ycgV
Nac,ycgJ
Nac,yccM
Nac,ycaN
Nac,ycaK
Nac,ycaD
Nac,ycaC
Nac,ybhM
Nac,ybhI
Nac,ybhH
Nac,ybhD
Nac,ybeT
Nac,ybeQ
Nac,ybdR
Nac,ybdK
Nac,ybcK
Nac,yajD
Nac,yaiY
Nac,yaiS
Nac,yagU
Nac,dpaA
Nac,yafC
Nac,yaeF
Nac,wecH
Nac,uspC
Nac,ugd
Nac,torI
Nac,TdcR
Nac,SdiA
Nac,rsmF
Nac,rlmM
Nac,rlmF
Nac,rhtA
Nac,rfaH
Nac,queD
Nac,prfC
Nac,pphB
Nac,pinR
Nac,pinQ
Nac,nudG
Nac,mtfA
Nac,mltD
Nac,mdtG
Nac,ligB
Nac,kduI
Nac,KdgR
Nac,ivy
Nac,ispB
Nac,greB
Nac,gltP
Nac,fklB
Nac,fdhD
Nac,eptA
Nac,elfA
Nac,eamA
Nac,dld
Nac,ddlA
Nac,dcp
Nac,cysQ
Nac,curA
Nac,cbrC
Nac,cbrB
Nac,bisC
Nac,ackA
Nac,abgR
YdcI,iraP
YdcI,smrB
DecR,cyuP
DecR,cyuA
UxuR,lgoD
YciT,ybiY
YciT,bsmA
YciT,rdcA
YciT,cusF
YdhB,punC
PdhR,fadH
PdhR,fadM
PdhR,fadL
PdhR,ybcW
PdhR,ybcV
PdhR,fadE
PdhR,gmhA
PdhR,acpP
PdhR,lldP
PdhR,fumD
PdhR,ppsR
PdhR,ppsA
MarA,yhbW
MarA,mdaB
MarA,map
MarA,glnD
MarA,dapD
HdfR,maoP
YgiV,McbR
HipB,eutH
HipB,eutA
YfeC,rpmH
YfeC,rpmB
YfeC,rpsU
YfeC,hybE
YfeC,ygdR
YfeC,YfeC
YidZ,malE
YidZ,ppiC
YidZ,rbsD
YidZ,rof
RpoN,fadL
RpoN,yfcZ
RpoN,cspC
RpoN,yobF
RpoN,nth
RpoN,mutM
YdeO,NhaR
AlpA,intA
Rob,yacH
Rob,ydcL
Rob,ybiT
Rob,mdtD
Rob,narG
Rob,glgS
Rob,yjcH
Rob,yhbO
Rob,fadD
Rob,astC
Rob,actP
Rob,acs
Rob,yhbW
Rob,mdaB
Rob,map
Rob,glnD
Rob,dapD
DicA,DicA
YhaJ,YhaJ
YhaJ,ygiD
YhaJ,yqjF
YhaJ,yhhW
YhaJ,ybiJ
YhaJ,yhaL
YhaJ,yhaK
YcjW,ompG
YcjW,ycjU
YcjW,ycjT
YcjW,ycjS
YcjW,ycjR
YcjW,ycjQ
YcjW,ycjP
YcjW,ycjO
YcjW,ycjN
YcjW,ycjM
ExuR,lgoD
XynR,yagF
XynR,yagE
XynR,yagA
XynR,yagB
DnaA,idlP
DnaA,ytiD
DnaA,ytiC
DnaA,iraD
CysB,ariR
CysB,yfbR
Zur,pliG
RbsR,dcd
RbsR,udk
IscR,torT
ArgR,yraQ
ArgR,yffB
ArgR,yfcC
ArgR,ydgI
ArgR,yaaU
ArgR,waaA
ArgR,StpA
ArgR,pyrL
ArgR,puuB
ArgR,potF
ArgR,pfkB
ArgR,mukE
ArgR,Lrp
ArgR,mcaS
ArgR,hisL
ArgR,hchA
ArgR,gltP
ArgR,ftsZ
ArgR,eutS
ArgR,dps
ArgR,dacC
ArgR,cvpA
ArgR,aroP
ArgR,aroK
ArgR,yhcC
SlyA,SlyA
SlyA,mdtM
SlyA,yjiN
SlyA,sgcX
SlyA,sgcB
SlyA,sgcC
SlyA,sgcQ
SlyA,sgcA
SlyA,sgcE
SlyA,sgcR
SlyA,elfA
Fnr,bidA
Fnr,yibN
Fnr,yffS
Fnr,yfcZ
Fnr,ydfO
Fnr,ortT
Fnr,ung
Fnr,thrA
Fnr,pykA
Fnr,msrB
Fnr,mltA
Fnr,metV
Fnr,garD
Fnr,aroP
Fnr,ydfZ
Fnr,ycaC
Fnr,scpC
Fnr,scpB
Fnr,argK
Fnr,scpA
PlaR,ygjV
PlaR,glpT
PlaR,glpA
PlaR,eda
BasR,emrD
BasR,waaH
BasR,arnF
BasR,arnE
BasR,arnT
BasR,arnD
BasR,arnA
BasR,arnC
BasR,arnB
BasR,eptA
YebK,YebK
LeuO,ybeQ
LeuO,gltF
LeuO,yghS
LeuO,yghR
CreB,recG
CreB,cbrB
CreB,cbrA
CreB,nudF
CreB,yqiB
CreB,cpdA
CreB,yqiA
CreB,parE
CreB,pta
CreB,ackA
OmpR,speFL
OmpR,potE
OmpR,speF
RcdA,ybjJ
RcdA,ybjI
RcdA,RcdA
ZraR,tnaB
ZraR,tnaA
ZraR,pnp
ZraR,mdtL
ZraR,GadW
ZraR,sspA
ZraR,yhhY
ZraR,rfaD
ZraR,raiA
ZraR,ssrA
ZraR,RpoH
ZraR,glnH
ZraR,glnA
ZraR,FliA
ZraR,ExuR
ZraR,cpxP
ZraR,acrE
ZraR,yrdD
ZraR,yjjY
ZraR,cspB
LexA,yoaA
BolA,fimH
TorR,slp
TorR,mdtF
TorR,mdtE
TorR,GadE
TorR,GadE-RcsB
TorR,gadC
TorR,gadB
TorR,adiC
TorR,adiA
TorR,RpoS
ArgP,asd
RacR,ydaW
RacR,ydaV
RacR,ydaU
RacR,ydaT
RacR,ydaS
OmpR,tsgA
OmpR,tolC
OmpR,sstT
OmpR,Rob
OmpR,rhtA
OmpR,PdhR
OmpR,ompX
OmpR,narU
OmpR,lpp
OmpR,gmhA
OmpR,fadE
OmpR,AcrR
PdeL,rfe
PdeL,yghJ
PhoP,ryjB
PhoP,queE
QseB,DnaA
BaeR,ycaC
CpxR,nuoA
CpxR,sdhC
CpxR,yjfN
FliZ,yjbJ
FlhDC,clsC
FlhDC,ymdB
FlhDC,ymdA
FlhDC,csgC
FlhDC,nfrB
DksA,idlP
DksA,ytiD
DksA,ytiC
DksA,iraD
DksA,argX
DksA,hisR
DksA,leuT
DksA,proM
DksA,obgE
DksA,yhbE
DksA,rpmA
DksA,rplU
DksA,mutM
DksA,rpmG
DksA,rpmB
DksA,rpsI
DksA,rplM
DksA,rplY
DksA,FadR
DksA,fabH
DksA,fabD
DksA,fabG
DksA,rrfB
DksA,rrlB
DksA,gltT
DksA,rrsB
DksA,rrfH
DksA,rrlH
DksA,alaV
DksA,ileV
DksA,rrsH
DksA,rrfG
DksA,rrlG
DksA,gltW
DksA,rrsG
DksA,rrfE
DksA,rrlE
DksA,gltV
DksA,rrsE
DksA,rrfF
DksA,thrV
DksA,rrfD
DksA,rrlD
DksA,alaU
DksA,ileU
DksA,rrsD
DksA,rrfC
DksA,rrlC
DksA,gltU
DksA,rrsC
DksA,rpsU
DksA,dnaG
DksA,RpoD
DksA,rpoZ
DksA,spoT
DksA,trmH
DksA,recG
DksA,IHF
DksA,pheT
DksA,pheS
DksA,pheM
DksA,rplT
DksA,rpmI
DksA,infC
DksA,thrS
DksA,rpsT
DksA,rplS
DksA,trmD
DksA,rimM
DksA,rpsP
DksA,rpsA
DksA,tufA
DksA,fusA
DksA,rpsG
DksA,rpsL
DksA,rplQ
DksA,rpoA
DksA,rpsD
DksA,rpsK
DksA,rpsM
DksA,rpoC
DksA,rpoB
DksA,rplL
DksA,rplJ
DksA,rplA
DksA,rplK
DksA,rpsQ
DksA,rpmC
DksA,rplP
DksA,rpsC
DksA,rplV
DksA,rpsS
DksA,rplB
DksA,rplW
DksA,rplD
DksA,rplC
DksA,rpsJ
DksA,gluQ
DksA,DksA
DksA,folK
DksA,pcnB
DksA,dusB
DksA,Fis
DksA,rrfA
DksA,rrlA
DksA,alaT
DksA,ileT
DksA,rrsA
DksA,rpmJ
DksA,secY
DksA,rplO
DksA,rpmD
DksA,rpsE
DksA,rplR
DksA,rplF
DksA,rpsH
DksA,rpsN
DksA,rplE
DksA,rplX
DksA,rplN
DksA,isrC
DksA,flu
DksA,sgrT
DksA,setA
DksA,sgrS
DksA,hmp
DksA,SgrR
DksA,sroA
DksA,thiB
DksA,thiP
DksA,thiQ
DksA,csrA
DksA,tktB
DksA,talA
DksA,hlyE
DksA,RpoE
DksA,RpoS
DksA,dsrA
DksA,iraP
DksA,rybB
DksA,rseC
DksA,rseB
DksA,rseA
DksA,csrC
DksA,csrB
DksA,fimB
DksA,hisL
DksA,hisG
DksA,hisD
DksA,hisC
DksA,hisB
DksA,hisH
DksA,hisA
DksA,hisF
DksA,hisI
DksA,thrL
DksA,thrA
DksA,thrB
DksA,thrC
DksA,livJ
DksA,argI
YeiE,yibQ
YeiE,mdtF
YeiE,argO
YeiE,cysJ
YeiE,ftp
YeiE,ydcT
YeiE,PutA
YeiE,ssuA
YeiE,pflB
YeiE,infA
YeiE,dcuC
YeiE,gltF
YeiE,yoaC
YeiE,sodC
YeiE,uspF
YieP,yohJ
YieP,dauA
YieP,cusA
YieP,ykgE
YieP,ybiX
FecI,fecA
FecI,fecC
FecI,fecD
FecI,fecE
FecI,fecB
